project,developer,type,in_projects_feed,has_transactions,offplan_tx,ready_tx,total_value_aed,top_area,master_project,project_status,percent_completed,escrow
Maybach Six,Binghatti Developers FZE,off-plan,Y,Y,782,0,1381920654,BUSINESS PARK,,ACTIVE,0,Y
DAMAC LAGOONS - VALENCIA,,off-plan,,Y,776,0,724819570,Al Hebiah Fifth,,,,
Hado By Beyond,,off-plan,,Y,608,0,2393349460,Palm Deira,,,,
AZIZI VENICE 14,,off-plan,,Y,607,0,496803649,Madinat Al Mataar,,,,
Creek Bay,DUBAI CREEK HARBOUR L.L.C,off-plan,Y,Y,561,0,1777765602,Al Khairan First,,ACTIVE,0,Y
Binghatti Vintage,,off-plan,,Y,560,0,428673454,MAJAN,,,,
Sobha Central,SOBHA L.L.C,off-plan,Y,Y,455,0,1275858510,Jabal Ali First,,ACTIVE,0,Y
Binghatti Skyflame 1,Binghatti Developers FZE,off-plan,Y,Y,453,0,327106210,MAJAN,,ACTIVE,0,Y
Shahrukhz by Danube,DANUBE PROPERTIES DEVELOPMENT L.L.C,off-plan,Y,Y,444,0,1362430235,TECOM SITE A,,ACTIVE,1.22,Y
SIERRA BY IMAN,,off-plan,,Y,435,0,620801875,MOTOR CITY,,,,
DAMAC ISLANDS 2 - BAHAMAS 2,DAMAC PRIME DEVELOPMENT L.L.C,off-plan,Y,Y,424,0,1331839085,Al Yelayiss 1,,ACTIVE,0.33,Y
Creek Haven,DUBAI CREEK HARBOUR L.L.C,off-plan,Y,Y,421,0,1149234620,Al Khairan First,,ACTIVE,0,Y
DAMAC ISLANDS 2 - CUBA,DAMAC PRIME DEVELOPMENT L.L.C,off-plan,Y,Y,403,0,1304409760,Al Yelayiss 1,,ACTIVE,0,Y
Skyvue,,off-plan,,Y,401,0,920748101,Bukadra,,,,
Terra Woods,DWTC EMAAR L.L.C,off-plan,Y,Y,401,0,790736724,Madinat Al Mataar,,ACTIVE,0,Y
DAMAC ISLANDS 2 - BAHAMAS 1,DAMAC PRIME DEVELOPMENT L.L.C,mixed,Y,Y,373,12,1321626550,Al Yelayiss 1,,ACTIVE,0.33,Y
Binghatti Cullinan,,off-plan,,Y,371,0,468707050,SAMA AL JADAF,,,,
WINDSOR HOUSE,,off-plan,,Y,369,0,546702879,Madinat Al Mataar,,,,
DAMAC ISLANDS 2 - TAHITI 2,DAMAC PRIME DEVELOPMENT L.L.C,off-plan,Y,Y,363,0,1242589190,Al Yelayiss 1,,ACTIVE,0,Y
DAMAC ISLANDS 2 - BERMUDA,DAMAC PRIME DEVELOPMENT L.L.C,mixed,Y,Y,363,1,1195922555,Al Yelayiss 1,,ACTIVE,0,Y
WINDSOR HOUSE II,ELLINGTON PROPERTIES DEVELOPMENT L.L.C,off-plan,Y,Y,361,0,558288908,Madinat Al Mataar,,ACTIVE,0,Y
THE MERIVA COLLECTION,CRESTARC DEVELOPERS L.L.C,mixed,Y,Y,353,1,2260877284,Palm Deira,,ACTIVE,0,Y
Breez by Danube,DANUBE PROPERTIES DEVELOPMENT L.L.C,off-plan,Y,Y,337,0,684414095,DUBAI MARITIME CITY,,ACTIVE,0.04,Y
Samana Boulevard Heights,,off-plan,,Y,336,0,309631397,DUBAI LAND RESIDENCE COMPLEX,,,,
LUNAYA,LUNAYA ZAYA REAL ESTATE DEVELOPMENT L.L.C S.O.C,mixed,Y,Y,335,1,3961473775,Saih Shuaib 1,,ACTIVE,0.61,Y
DAMAC ISLANDS 2 - MAUI,DAMAC PRIME DEVELOPMENT L.L.C,off-plan,Y,Y,333,0,1189611360,Al Yelayiss 1,,ACTIVE,0,Y
Serenz by Danube,DANUBE PROPERTIES DEVELOPMENT L.L.C,off-plan,Y,Y,325,0,397339398,JUMEIRAH VILLAGE CIRCLE,,ACTIVE,0,Y
DAMAC ISLANDS 2 - BARBADOS 1,DAMAC PRIME DEVELOPMENT L.L.C,off-plan,Y,Y,305,0,1024876110,Al Yelayiss 1,,ACTIVE,0,Y
Kanyon By Beyond,,off-plan,,Y,285,0,954914755,Madinat Dubai Almelaheyah,,,,
Le Blanc Residence by Imtiaz,IMTIAZ COVE REAL ESTATE DEVELOPMENT L.L.C,off-plan,Y,Y,275,0,288604186,DUBAI LAND RESIDENCE COMPLEX,,ACTIVE,0.42,Y
THE EDIT at d3,DHRE 2 BTS L.L.C,off-plan,Y,Y,271,0,1053335000,Zaabeel Second,,ACTIVE,0,Y
DAMAC ISLANDS 2 - BARBADOS 2,DAMAC PRIME DEVELOPMENT L.L.C,off-plan,Y,Y,262,0,876383025,Al Yelayiss 1,,ACTIVE,0,Y
ELLINGTON SANDS I,,off-plan,,Y,255,0,869523140,Palm Deira,,,,
Vista by Vision,CLEAR VISION REAL ESTATE DEVELOPMENT L.L.C,off-plan,Y,Y,239,0,246100402,DUBAI PRODUCTION CITY,,ACTIVE,3.38,Y
DAMAC ISLANDS 2 - TAHITI 1,DAMAC PRIME DEVELOPMENT L.L.C,off-plan,Y,Y,232,0,820327655,Al Yelayiss 1,,ACTIVE,0,Y
DAMAC RIVERSIDE VIEWS - AZURE 2,,off-plan,,Y,212,0,237772800,Dubai Investment Park Second,,,,
ELLINGTON SANDS II,,off-plan,,Y,208,0,732933084,Palm Deira,,,,
INTERSTELLAR TOWER,BOUJEE REAL ESTATE DEVELOPMENT L.L.C,off-plan,Y,Y,200,0,318739077,JUMEIRAH VILLAGE TRIANGLE,,ACTIVE,0,Y
DISTRIKT,,off-plan,,Y,198,0,461565000,Wadi Al Safa 4,,,,
Binghatti Skyflame 2,Binghatti Developers FZE,off-plan,Y,Y,194,0,125361756,MAJAN,,ACTIVE,0,Y
Cybele By Wadan,,off-plan,,Y,193,0,193594886,DUBAI LAND RESIDENCE COMPLEX,,,,
Taiyo Residences,,off-plan,,Y,191,0,204197067,Jabal Ali First,,,,
South Garden D,,off-plan,,Y,190,0,300010000,Jabal Ali First,,,,
Nourelle,,off-plan,,Y,188,0,801640000,Um Suqaim Third,,,,
AVENEW888-LOOM,AVENEW REAL ESTATE DEVELOPMENT L.L.C,off-plan,Y,Y,188,0,216152960,Madinat Al Mataar,,ACTIVE,0,Y
Samana Barari Heights,,off-plan,,Y,187,0,197104008,MAJAN,,,,
South Garden E,,off-plan,,Y,183,0,269550000,Jabal Ali First,,,,
Terra Gardens,DWTC EMAAR L.L.C,off-plan,Y,Y,182,0,389953996,Madinat Al Mataar,,ACTIVE,0,Y
Marquis One,,off-plan,,Y,181,0,195769298,ARJAN,,,,
HQ by ROVE,,off-plan,,Y,178,0,664865399,BUSINESS BAY,,,,
Palace Residences Hillside A,,off-plan,,Y,178,0,457139758,Hadaeq Sheikh Mohammed Bin Rashid,,,,
Golf Vale,EMAAR DUBAI SOUTH DWC LLC,off-plan,Y,Y,172,0,245061864,Madinat Al Mataar,,ACTIVE,0,Y
SOL LEVANTE,,off-plan,,Y,171,0,229373571,JUMEIRAH VILLAGE TRIANGLE,,,,
VERDE BY VISION,,off-plan,,Y,171,0,216789024,DUBAI SPORTS CITY,,,,
Maybach Ultimate Luxury,Binghatti Developers FZE,off-plan,Y,Y,170,0,340222710,BUSINESS PARK,,ACTIVE,0,Y
City Walk Crestlane 4,CITYWALK RESIDENTIAL 1 L.L.C,off-plan,Y,Y,169,0,709722525,Al Wasl,,ACTIVE,0,Y
Expo Valley Views,,off-plan,,Y,166,0,417952000,Madinat Al Mataar,,,,
IMTIAZ SYMPHONY TOWER,,off-plan,,Y,165,0,438548018,HORIZON,,,,
Longford Residences by Devan Real Estate Development,,off-plan,,Y,163,0,127681080,INTERNATIONAL CITY PH 1,,,,
Hadley Heights 2,,off-plan,,Y,162,0,197934350,DUBAI SPORTS CITY,,,,
Waada - Altura 1,BT PROPERTIES DWC LLC,off-plan,Y,Y,161,0,90770000,Madinat Al Mataar,,ACTIVE,0,Y
DAMAC LAGOONS - LAGOON VIEWS 13,,off-plan,,Y,160,0,211911083,Al Hebiah Fifth,,,,
IVY AT PARK FIVE,,off-plan,,Y,158,0,188497060,DUBAI PRODUCTION CITY,,,,
Project Maybach,Binghatti Developers FZE,off-plan,Y,Y,157,0,298092995,BUSINESS PARK,,ACTIVE,0,Y
Vista Ridge,EMAAR DUBAI SOUTH DWC LLC,off-plan,Y,Y,156,0,295562356,Madinat Al Mataar,,ACTIVE,0,Y
South Square,,off-plan,,Y,154,0,283153714,Madinat Al Mataar,,,,
VOXA RESIDENCES,,off-plan,,Y,153,0,163985138,JUMEIRAH VILLAGE TRIANGLE,MAISON ELYSEE III BY PANTHEON,,,
Azizi Milan Heights,,off-plan,,Y,152,0,106360190,CITY OF ARABIA,,,,
Grove Ridge,EMAAR DUBAI SOUTH DWC LLC,off-plan,Y,Y,151,0,291246118,Madinat Al Mataar,,ACTIVE,0,Y
Linea by Holm,HOLM AVENUE REAL ESTATE DEVELOPMENT L.L.C S.O.C,off-plan,Y,Y,151,0,226954654,Al Satwa,,ACTIVE,0.14,Y
Evelyn on the Park,,off-plan,,Y,151,0,219562088,Al Yelayiss 2,,,,
Avarra by Palace,EMAAR DEVELOPMENT P.J.S.C.,off-plan,Y,Y,150,0,724941365,BUSINESS BAY,,ACTIVE,0,Y
Holm One,,off-plan,,Y,148,0,177392782,Al Satwa,,,,
Kensington Gardens,,off-plan,,Y,148,0,148453215,DUBAI LAND RESIDENCE COMPLEX,,,,
Cove Grand Residence by Imtiaz,,off-plan,,Y,147,0,143944165,DUBAI LAND RESIDENCE COMPLEX,,,,
Franck Muller Yachting,,off-plan,,Y,146,0,304671751,DUBAI MARITIME CITY,,,,
Binghatti Skyterraces,Binghatti Developers FZE,off-plan,Y,Y,146,0,156401012,Al Hebiah First,,ACTIVE,0,Y
Binghatti Titania,,off-plan,,Y,146,0,125370156,MAJAN,,,,
Lyvia by Palace,,off-plan,,Y,140,0,408643275,Al Khairan First,,,,
City Walk Crestlane 5,CITYWALK RESIDENTIAL 1 L.L.C,off-plan,Y,Y,138,0,614401000,Al Wasl,,ACTIVE,0,Y
Greencrest,,off-plan,,Y,138,0,354683087,Hadaeq Sheikh Mohammed Bin Rashid,,,,
Downtown Residences,,off-plan,,Y,137,0,455799246,Business Bay,,,,
Samana Imperial Garden,,off-plan,,Y,133,0,153030135,ARJAN,,,,
Reportage Hills,,off-plan,,Y,132,0,265437365,Al Hebiah Fifth,,,,
Artistry One Residences,SELECT GLOBAL DEVELOPMENT L.L.C,off-plan,Y,Y,130,0,509084235,Zaabeel Second,,ACTIVE,0,Y
Greenfield by Samana Developers,,off-plan,,Y,128,0,125654710,INTERNATIONAL CITY PH 2 & 3,,,,
Palm Central Private Residences - Frond M,THE PALM - JEBEL ALI CO. (L.L.C),off-plan,Y,Y,127,0,798810300,Palm Jabal Ali,,ACTIVE,0,Y
SKYSCAPE,,off-plan,,Y,126,0,339432726,Bukadra,,,,
DAMAC DISTRICT,DAMAC CRESCENT PROPERTIES,off-plan,Y,Y,125,0,315187074,DAMAC HILLS,,ACTIVE,0.12,Y
Al Habtoor Tower,,off-plan,,Y,124,0,444177964,BUSINESS BAY,,,,
BARARIGATE by ADE,A D E PROPERTIES L.L.C,off-plan,Y,Y,124,0,130650882,MAJAN,,ACTIVE,0,Y
Stax,,off-plan,,Y,124,0,129657042,JUMEIRAH VILLAGE CIRCLE,,,,
Binghatti Aquarise,,off-plan,,Y,121,0,324635807,BUSINESS BAY,,,,
Verdana Residence 4,,off-plan,,Y,121,0,113703039,Dubai Investment Park First,,,,
Sobha Central Phase II,,off-plan,,Y,119,0,267332412,DMCC-EZ2,,,,
Weybridge Gardens 5,,off-plan,,Y,118,0,120381909,DUBAI LAND RESIDENCE COMPLEX,,,,
Passo By Beyond,,off-plan,,Y,117,0,1398407655,PALM JUMEIRAH,,,,
CHELSEA RESIDENCES 2 BY DAMAC,,off-plan,,Y,116,0,345953870,DUBAI MARITIME CITY,,,,
PEARL HOUSE IV BY IMTIAZ,,off-plan,,Y,115,0,139079945,JUMEIRAH VILLAGE CIRCLE,,,,
Seraph by Wadan,,off-plan,,Y,115,0,111353774,DUBAI LAND RESIDENCE COMPLEX,,,,
Sobha Central Phase I,,off-plan,,Y,113,0,301832986,DMCC-EZ2,,,,
Peninsula Four,,off-plan,,Y,113,0,254890253,BUSINESS BAY,,,,
SAAS Hills,,off-plan,,Y,112,0,224505811,DUBAI SCIENCE PARK,,,,
THE CAPE,BARARI THREE REAL ESTATE DEVELOPMENT L.L.C,off-plan,Y,Y,111,0,656038297,AL BARARI,,ACTIVE,0,Y
AZIZI VENICE 7,,off-plan,,Y,111,0,95000334,Madinat Al Mataar,,,,
DAMAC CITY 2,,off-plan,,Y,109,0,260712480,Al Wasl,,,,
Sakura Gardens by HRE,HRE REAL ESTATE DEVELOPMENT L.L.C,off-plan,Y,Y,107,0,147668298,FALCON CITY OF WONDERS,,ACTIVE,0,Y
Hills View at Wasl Gate,,off-plan,,Y,107,0,104748808,Jabal Ali First,,,,
Rise by Athlon 1,AURORA SPV 3 L.L.C,off-plan,Y,Y,106,0,213708004,Wadi Al Safa 5,,ACTIVE,0.68,Y
ENSO JADE,,off-plan,,Y,105,0,190277150,Al Satwa,,,,
ASPIRZ By Danube,,off-plan,,Y,105,0,112794499,DUBAI SPORTS CITY,,,,
368 Park Ln,TABEER REAL ESTATE DEVELOPMENT L.L.C,off-plan,Y,Y,105,0,105485870,JUMEIRAH VILLAGE CIRCLE,,ACTIVE,0,Y
Wynwood Horizon by Imtiaz,,off-plan,,Y,104,0,278407314,HORIZON,,,,
Azizi Venice 15,,off-plan,,Y,104,0,96913464,Madinat Al Mataar,,,,
Nad Al Sheba Gardens Phase 11,NAS ESTATES L.L.C,mixed,Y,Y,101,87,2005257000,Nad Al Shiba First,,ACTIVE,0,Y
Samana Resorts,,off-plan,,Y,101,0,103941355,DUBAI PRODUCTION CITY,,,,
THE HILLGATE,,off-plan,,Y,100,0,179355144,SILICON OASIS,,,,
Verdana Residence 3,,off-plan,,Y,100,0,72598803,Dubai Investment Park First,,,,
Skyhills Astra by HRE,,off-plan,,Y,99,0,163145808,DUBAI SCIENCE PARK,,,,
Reef 996,,off-plan,,Y,99,0,92159105,DUBAI PRODUCTION CITY,,,,
Verdana Residence 7,,off-plan,,Y,98,0,87799889,Dubai Investment Park First,,,,
Lumena Alta by Omniyat,,off-plan,,Y,97,0,2279511730,BUSINESS BAY,,,,
Arian By Azizi,,off-plan,,Y,97,0,79002450,DOWN TOWN JABAL ALI,,,,
azizi venice 13,,off-plan,,Y,95,0,83830337,Madinat Al Mataar,,,,
butterfly,,off-plan,,Y,93,0,132444443,ARJAN,,,,
Arisha Terraces,,off-plan,,Y,93,0,102623779,DUBAI STUDIO CITY,,,,
Soulever' By Beyond,BEYOND 1 REAL ESTATE DEVELOPMENT L.L.C,off-plan,Y,Y,91,0,467142380,Madinat Dubai Almelaheyah,,ACTIVE,0,Y
Vincitore Wellness Estate,,off-plan,,Y,91,0,117059800,MAJAN,,,,
Azizi Venice 6,,off-plan,,Y,91,0,93424355,Madinat Al Mataar,,,,
WEST BAY TOWER,,off-plan,,Y,91,0,91386954,BUSINESS BAY,,,,
Peace Lagoons II by Peace Homes,,off-plan,,Y,91,0,85696304,DUBAI LAND RESIDENCE COMPLEX,,,,
Celesto Tower,,off-plan,,Y,90,0,63463257,DUBAI LAND RESIDENCE COMPLEX,,,,
The First Collection at Dubai Studio City,,off-plan,,Y,90,0,58380488,DUBAI STUDIO CITY,,,,
Grand Polo - Equiterra 2,EMAAR DEVELOPMENT P.J.S.C.,off-plan,Y,Y,89,0,342177618,Dubai Investment Park Second,,ACTIVE,1.04,Y
Mirdad,,off-plan,,Y,89,0,124320055,MOTOR CITY,,,,
RYAH LIVING by ALYAKKA,,off-plan,,Y,89,0,81491776,DUBAI STUDIO CITY,,,,
Silva,,off-plan,,Y,88,0,296481343,Al Khairan First,,,,
Reef 998,,off-plan,,Y,88,0,100093798,DUBAI LAND RESIDENCE COMPLEX,,,,
31 Above By Beyond,BEYOND VESPERA REAL ESTATE DEVELOPMENT L.L.C,off-plan,Y,Y,87,0,1002652390,Madinat Dubai Almelaheyah,,ACTIVE,0,Y
AMAAL 8,,off-plan,,Y,87,0,237410897,HORIZON,,,,
ROSEWELL,NSHAMA PROPERTIES OWNED BY NSHMI DEVELOPMENT ONE PERSON COMPANY L.L.C,off-plan,Y,Y,86,0,133834368,Al Yelayiss 2,,ACTIVE,0,Y
COVE EDITION RESIDENCE 6 BY IMTIAZ,,off-plan,,Y,86,0,75420346,DUBAI LAND RESIDENCE COMPLEX,,,,
Rise by Athlon 2,AURORA SPV 3 L.L.C,off-plan,Y,Y,85,0,198200561,Wadi Al Safa 5,,ACTIVE,0.08,Y
ELEVE BY DEYAAR,,off-plan,,Y,85,0,133455786,DOWN TOWN JABAL ALI,,,,
Reportage Village 1,,off-plan,,Y,84,0,108237085,Wadi Al Safa 7,,,,
Sobha SkyParks,SOBHA L.L.C,off-plan,Y,Y,83,0,408717832,BUSINESS BAY,,ACTIVE,0,Y
LIV OCEANSIDE,,off-plan,,Y,83,0,355624042,Palm Deira,,,,
TONINO LAMBORGHINI RESIDENCES,,off-plan,,Y,83,0,289557382,BUSINESS PARK,,,,
ELARIS Sky,,off-plan,,Y,83,0,91948806,JUMEIRAH VILLAGE TRIANGLE,,,,
Grand Polo - Equestra,EMAAR DEVELOPMENT P.J.S.C.,mixed,Y,Y,82,25,634991947,Dubai Investment Park Second,,ACTIVE,1.02,Y
Grand Polo - Equiterra,EMAAR DEVELOPMENT P.J.S.C.,mixed,Y,Y,81,36,723660367,Dubai Investment Park Second,,ACTIVE,0.83,Y
California Residences,,off-plan,,Y,81,0,125124415,Wadi Al Safa 4,,,,
Beverly Grande,,off-plan,,Y,81,0,100318691,MOTOR CITY,,,,
Lumena by Omniyat,,off-plan,,Y,80,0,2568745299,BUSINESS BAY,,,,
SOBHA ONE,,off-plan,,Y,80,0,166789144,Ras Al Khor Industrial First,,,,
311 Boulevard by Bam Eskan,,off-plan,,Y,79,0,94914254,JUMEIRAH VILLAGE CIRCLE,,,,
FLOAREA OASIS,,off-plan,,Y,79,0,72568420,DUBAI LAND RESIDENCE COMPLEX,,,,
Waada - Altura 2,BT PROPERTIES DWC LLC,off-plan,Y,Y,79,0,56017000,Madinat Al Mataar,,ACTIVE,4.06,Y
Verdana Residence 5,,off-plan,,Y,78,0,76609320,Dubai Investment Park First,,,,
Binghatti Flare 02,,off-plan,,Y,77,0,116120992,JUMEIRAH VILLAGE TRIANGLE,,,,
Nuve By Zoya,ZOYA ONE REAL ESTATE DEVELOPMENTS L.L.C,off-plan,Y,Y,77,0,65436865,DUBAI LAND RESIDENCE COMPLEX,,ACTIVE,0,Y
AHS TOWER,,off-plan,,Y,76,0,1679700355,Trade Center Second,,,,
"The St. Regis Residences, Downtown Dubai",,off-plan,,Y,76,0,288292158,BURJ KHALIFA,,,,
EMBER AT PARK FIVE,,off-plan,,Y,76,0,93689639,DUBAI PRODUCTION CITY,,,,
LAYA COURTYARD,,off-plan,,Y,76,0,77362450,DUBAI STUDIO CITY,,,,
Binghatti Amberhall,,off-plan,,Y,75,0,90362757,JUMEIRAH VILLAGE CIRCLE,,,,
ELM AT PARK FIVE,,off-plan,,Y,75,0,81032742,DUBAI PRODUCTION CITY,,,,
Golf Terrace Residences By ASAK,ASAK REAL ESTATE DEVELOPMENT L.L.C,off-plan,Y,Y,75,0,74794390,DUBAI PRODUCTION CITY,,ACTIVE,5.07,Y
LIVING LEGENDS PHASE 6,,off-plan,,Y,74,0,128630103,LIVING LEGENDS,,,,
EMPIRE LAKEVIEWS,,off-plan,,Y,74,0,80719595,LIWAN,,,,
DAMAC RIVERSIDE VIEWS - CAPRI 1,,off-plan,,Y,73,0,102121612,Dubai Investment Park Second,,,,
Sky Gate Tower,,off-plan,,Y,73,0,55645141,JUMEIRAH VILLAGE TRIANGLE,,,,
AZIZI VENICE 11,,off-plan,,Y,72,0,65082967,Madinat Al Mataar,,,,
YIGO26,,off-plan,,Y,72,0,64345577,INTERNATIONAL CITY PH 1,,,,
Bayz 102 By Danube,,off-plan,,Y,70,0,236139297,BUSINESS BAY,,,,
SUNSET BAY GRAND BY IMTIAZ,,off-plan,,Y,70,0,200401057,Palm Deira,,,,
One Beverly,,off-plan,,Y,70,0,65659400,ARJAN,,,,
AZIZI VENICE 10,,off-plan,,Y,70,0,59177149,Madinat Al Mataar,,,,
AURESTA TOWER,,off-plan,,Y,70,0,56226501,JUMEIRAH VILLAGE CIRCLE,,,,
The EDGE,,off-plan,,Y,69,0,118958529,BUSINESS BAY,,,,
Samana Hills South 3,,off-plan,,Y,69,0,65229321,DUBAI INDUSTRIAL CITY,,,,
Verdana Residence 6,,off-plan,,Y,68,0,76071150,Dubai Investment Park First,,,,
South Lofts by Premier Choice,P C I REAL ESTATE DEVELOPERS L.L.C,off-plan,Y,Y,68,0,30880650,DUBAI INDUSTRIAL CITY,,ACTIVE,0,Y
BELGRAVIA GARDENS,,off-plan,,Y,67,0,124294601,FALCON CITY OF WONDERS,,,,
Azizi Milan 20,,off-plan,,Y,67,0,46366420,CITY OF ARABIA,,,,
KHK 31,,off-plan,,Y,67,0,45684380,DUBAI LAND RESIDENCE COMPLEX,,,,
15 CASCADE,,off-plan,,Y,66,0,133377987,MOTOR CITY,,,,
Binghatti Luxuria,Binghatti Developers FZE,off-plan,Y,Y,66,0,79099934,JUMEIRAH VILLAGE TRIANGLE,,ACTIVE,0,Y
Soul by vision,,off-plan,,Y,66,0,78175966,DUBAI PRODUCTION CITY,,,,
Binghatti Ruby,,off-plan,,Y,65,0,122430060,JUMEIRAH VILLAGE CIRCLE,,,,
Samana Sky Views,,off-plan,,Y,65,0,68359666,DUBAI PRODUCTION CITY,,,,
Binghatti Hillcrest,,off-plan,,Y,64,0,99319578,ARJAN,,,,
NEEM AT PARK FIVE,,off-plan,,Y,64,0,85007253,DUBAI PRODUCTION CITY,,,,
The Wilds Residences,AURORA SPV 2 L.L.C,off-plan,Y,Y,63,0,158864077,Wadi Al Safa 3,,ACTIVE,0,Y
Sky Line By Peace Homes,PEACE HOMES REAL ESTATE L.L.C,off-plan,Y,Y,63,0,54545880,DUBAI LAND RESIDENCE COMPLEX,,ACTIVE,0,Y
Hayat 4,DUBAI SOUTH PROPERTIES DWC LLC,off-plan,Y,Y,62,0,309250000,Madinat Al Mataar,,ACTIVE,0,Y
Montiva,,off-plan,,Y,62,0,162550943,Al Khairan First,,,,
Binghatti Haven,,off-plan,,Y,62,0,106515737,DUBAI SPORTS CITY,,,,
Sobha Solis,,off-plan,,Y,62,0,102055422,MOTOR CITY,,,,
Ashley Hills,,off-plan,,Y,61,0,79861424,ARJAN,,,,
EMPIRE GARDENS,EMPIRE GARDENS REAL ESTATE DEVELOPMENT L.L.C,off-plan,Y,Y,61,0,65179957,DUBAI LAND RESIDENCE COMPLEX,,ACTIVE,0,Y
SOL LUXE,,off-plan,,Y,60,0,353874408,Trade Center First,,,,
Biltmore Sufouh,,off-plan,,Y,60,0,170821912,SUFOUH GARDENS,,,,
SEAPOINT,,off-plan,,Y,59,0,311723978,DUBAI HARBOUR,,,,
ELTIERA HEIGHTS,,off-plan,,Y,59,0,173241180,JUMEIRAH HEIGHTS,,,,
Seascape,,off-plan,,Y,59,0,152731855,Madinat Dubai Almelaheyah,,,,
Reem by vision,,off-plan,,Y,59,0,60648018,LIWAN,,,,
ONE RIVER POINT,,off-plan,,Y,58,0,222035024,BUSINESS BAY,,,,
Binghatti Skyrise,,off-plan,,Y,58,0,150242946,BUSINESS BAY,,,,
Binghatti Hillside,,off-plan,,Y,58,0,48983943,DUBAI SCIENCE PARK,,,,
BEACH OASIS 2,,off-plan,,Y,58,0,34481440,DUBAI STUDIO CITY,,,,
Sobha Orbis,,off-plan,,Y,57,0,196525438,MOTOR CITY,,,,
Sobha Creek Vistas Heights,,off-plan,,Y,57,0,110843960,Al Merkadh,,,,
ALDER AT PARK FIVE,DEYAAR DEVELOPMENT (P.J.S.C),off-plan,Y,Y,57,0,92335959,DUBAI PRODUCTION CITY,,ACTIVE,0,Y
Cove Boulevard By Imtiaz,,off-plan,,Y,57,0,74961284,DUBAI LAND RESIDENCE COMPLEX,,,,
AUM 99 Residences,AUM 99 HOME REAL ESTATE DEVELOPMENTS L.L.C,off-plan,Y,Y,57,0,31388124,DUBAI LAND RESIDENCE COMPLEX,,ACTIVE,0,Y
Eden House The Park,,off-plan,,Y,56,0,530959999,Al Wasl,,,,
Altan,,off-plan,,Y,56,0,177890451,Al Khairan First,,,,
Future Residence,,off-plan,,Y,56,0,98553632,HORIZON,,,,
AURA PRESTIGE,,off-plan,,Y,56,0,94217965,SILICON OASIS,,,,
Verdana 3,,off-plan,,Y,56,0,79853155,DUBAI INVESTMENT PARK FIRST,,,,
ALTA VIEW SKYHOMES,,off-plan,,Y,56,0,75830681,JUMEIRAH VILLAGE CIRCLE,,,,
AVANT GARDE RESIDENCES II BY SKYLINE,,off-plan,,Y,56,0,66152166,JUMEIRAH VILLAGE CIRCLE,,,,
Allura Residences by Citi Developers,,off-plan,,Y,56,0,58532312,JUMEIRAH VILLAGE CIRCLE,,,,
Camden,,off-plan,,Y,55,0,82426840,Al Yelayiss 2,,,,
DAMAC RIVERSIDE VIEWS - CAPRI 2,,off-plan,,Y,55,0,82047390,Dubai Investment Park Second,,,,
The central downtown,,off-plan,,Y,55,0,69032286,ARJAN,,,,
Divine Al Barari,,off-plan,,Y,55,0,64133285,MAJAN,,,,
azizi venice 12,,off-plan,,Y,55,0,62027124,Madinat Al Mataar,,,,
Binghatti Hills,,off-plan,,Y,54,0,103011609,DUBAI SCIENCE PARK,,,,
Art House Hills by Adaan and Tuscany,ART HOUSE HILLS RESIDENCES DEVELOPMENT L.L.C,off-plan,Y,Y,54,0,82241498,ARJAN,,ACTIVE,0,Y
Rabdan Gardens,RABDAN GARDENS REAL ESTATE DEVELOPMENTS L.L.C,off-plan,Y,Y,54,0,78526530,Al Satwa,,ACTIVE,0,Y
Samana Parkville,,off-plan,,Y,54,0,61445077,DUBAI LAND RESIDENCE COMPLEX,,,,
CAPRIA WEST,,off-plan,,Y,53,0,282676000,Wadi Al Safa 4,,,,
One by Binghatti,,off-plan,,Y,53,0,200852202,BUSINESS BAY,,,,
DAMAC HILLS - GOLF GREENS 2,,off-plan,,Y,53,0,93122810,DAMAC HILLS,,,,
Solanki One,,off-plan,,Y,53,0,45156284,DUBAI LAND RESIDENCE COMPLEX,,,,
Al Haseen Residence 4,,off-plan,,Y,53,0,30077458,DUBAI INDUSTRIAL CITY,,,,
The Residences at the Dubai Beach Edition,ED RESIDENCES L.L.C,off-plan,Y,Y,52,0,811529281,Marsa Dubai,,ACTIVE,0.15,Y
burj capital,,off-plan,,Y,52,0,199153144,BUSINESS BAY,,,,
Binghatti Skyblade,,off-plan,,Y,52,0,190046148,BURJ KHALIFA,,,,
Timez By Danube,,off-plan,,Y,52,0,89263313,SILICON OASIS,,,,
Hilton Residences Dubai Jumeirah Lakes Towers,,off-plan,,Y,52,0,89009603,JUMEIRAH LAKES TOWERS,,,,
Velos Residence,,off-plan,,Y,52,0,76882366,MOTOR CITY,,,,
Binghatti Apex,,mixed,,Y,52,14,68705930,JUMEIRAH VILLAGE CIRCLE,,,,
Binghatti Hillviews,,off-plan,,Y,52,0,59181649,DUBAI SCIENCE PARK,,,,
Verdana Residence 10,REPORTAGE PLUS A REAL ESTATE DEVELOPMENT L.L.C,off-plan,Y,Y,52,0,42300250,Dubai Investment Park First,,ACTIVE,0,Y
The Haven III,,mixed,,Y,51,1,108325711,MAJAN,,,,
Verdana 4,,off-plan,,Y,51,0,64741317,DUBAI INVESTMENT PARK FIRST,,,,
Bellavion by Sunrise,,off-plan,,Y,51,0,62464150,Jabal Ali First,,,,
Azizi Venice 16,,off-plan,,Y,51,0,62198790,Madinat Al Mataar,,,,
Binghatti Elite,,off-plan,,Y,51,0,36916231,DUBAI PRODUCTION CITY,,,,
W Residences at Dubai Harbour,,off-plan,,Y,50,0,504922250,Marsa Dubai,,,,
ELLE RESIDENCES,,off-plan,,Y,50,0,203902850,Palm Deira,,,,
Verdes by Haven 1,,off-plan,,Y,50,0,115709154,Wadi Al Safa 5,,,,
Antalya By Karma,,off-plan,,Y,50,0,64428657,DUBAI SPORTS CITY,,,,
MAISON ELYSEE III BY PANTHEON,,off-plan,,Y,50,0,41134937,JUMEIRAH VILLAGE CIRCLE,Maison Elysee II,,,
Al Haseen Residence 3,,off-plan,,Y,50,0,30638336,DUBAI INDUSTRIAL CITY,,,,
La Tilia at Villanova Phase 2,,off-plan,,Y,49,0,166558600,Wadi Al Safa 5,,,,
THE ELYSIAN,,off-plan,,Y,49,0,82335317,Al Satwa,,,,
LEVEN RESIDENCES,,off-plan,,Y,49,0,57787899,JUMEIRAH VILLAGE TRIANGLE,,,,
AZIZI VENICE 9,,off-plan,,Y,49,0,42249630,Madinat Al Mataar,,,,
LIA,AVENEW REAL ESTATE DEVELOPMENT L.L.C,off-plan,Y,Y,48,0,163834940,PALM DEIRA,,ACTIVE,0,Y
BELMORE RESIDENCES,,off-plan,,Y,48,0,102005744,HORIZON,,,,
Nova Tower,,off-plan,,Y,48,0,82586400,DUBAI SCIENCE PARK,,,,
J188,JAD GLOBAL REAL ESTATE DEVELOPMENT L.L.C,off-plan,Y,Y,48,0,64147024,SAMA AL JADAF,,ACTIVE,0,Y
AZIZI VENICE 5,,off-plan,,Y,48,0,45956910,Madinat Al Mataar,,,,
Zenith Residences,,off-plan,,Y,48,0,43896244,INTERNATIONAL CITY PH 2 & 3,,,,
MAS Barsha Residency,,off-plan,,Y,47,0,119626528,Al Barsha First,,,,
Golf Hills,,off-plan,,Y,47,0,77335078,Madinat Al Mataar,,,,
The First Collection at Dubai Sports City,,off-plan,,Y,47,0,54166619,DUBAI SPORTS CITY,,,,
Floarea Skies,,off-plan,,Y,47,0,54108470,JUMEIRAH VILLAGE CIRCLE,,,,
Ryze by AUM,,off-plan,,Y,47,0,34645173,Warsan First,,,,
CAPRIA EAST,,off-plan,,Y,46,0,263863000,Wadi Al Safa 4,,,,
Rosehill,,off-plan,,Y,46,0,141023104,Hadaeq Sheikh Mohammed Bin Rashid,,,,
Avenue Park Towers,,off-plan,,Y,46,0,136536742,Al Kifaf,,,,
The Caden By Prescott,,off-plan,,Y,45,0,121629490,HORIZON,,,,
Taormina Village 1,,off-plan,,Y,45,0,112275225,Wadi Al Safa 3,,,,
Samana Barari Avenue,,off-plan,,Y,45,0,92137152,MAJAN,,,,
ELMORA,,off-plan,,Y,45,0,61590725,Al Satwa,,,,
Mi Casa By London Gate Real Estate Development,,off-plan,,Y,45,0,46945490,JUMEIRAH VILLAGE CIRCLE,,,,
Peace Lagoons by Peace Homes,,off-plan,,Y,45,0,46707030,DUBAI LAND RESIDENCE COMPLEX,,,,
THE VYNE RESIDENCES,,off-plan,,Y,45,0,42184076,JUMEIRAH VILLAGE TRIANGLE,,,,
Azizi Milan 28,,off-plan,,Y,45,0,29945040,CITY OF ARABIA,,,,
Urban Life,,off-plan,,Y,44,0,96724781,BUSINESS BAY,,,,
Golf Hills 2,,off-plan,,Y,44,0,69038658,Madinat Al Mataar,,,,
Oakyard Residences,,off-plan,,Y,44,0,48382524,JUMEIRAH VILLAGE CIRCLE,,,,
AZIZI VENICE 8,,off-plan,,Y,44,0,36624520,Madinat Al Mataar,,,,
Beverly Park,,off-plan,,Y,44,0,30746963,DUBAI LAND RESIDENCE COMPLEX,,,,
WYNWOOD RESIDENCES BY IMTIAZ,,off-plan,,Y,43,0,128888596,Palm Deira,,,,
Azizi Riviera 49,,mixed,,Y,43,1,111896395,MEYDAN ONE,,,,
MONTAGE,,off-plan,,Y,43,0,65599639,JADDAF WATERFRONT,,,,
Elvira,,off-plan,,Y,42,0,114222622,Hadaeq Sheikh Mohammed Bin Rashid,,,,
Takaya,,off-plan,,Y,42,0,108033047,MOTOR CITY,,,,
Wadi Hills by HRE,,off-plan,,Y,42,0,42048220,DUBAI LAND RESIDENCE COMPLEX,,,,
SEVEN CITY JLT,,off-plan,,Y,42,0,39279558,JUMEIRAH LAKES TOWERS,,,,
Saray prime residence,,off-plan,,Y,42,0,34361937,DUBAI LAND RESIDENCE COMPLEX,,,,
Chapter 01 By Newbury Developments,,off-plan,,Y,42,0,28837674,INTERNATIONAL CITY PH 2 & 3,,,,
The Element at Sobha One,,off-plan,,Y,41,0,140536533,Ras Al Khor Industrial First,,,,
Diamondz By Danube,,off-plan,,Y,41,0,94135695,JUMEIRAH LAKES TOWERS,,,,
Gate Eleven Residences,,off-plan,,Y,41,0,78776054,Wadi Al Safa 3,,,,
BELMONT,,off-plan,,Y,41,0,66273408,Al Yelayiss 2,,,,
SOLEN RESIDENCE by Jamal Living,,off-plan,,Y,41,0,56374500,SILICON OASIS,,,,
MARQUIS HORIZON,,off-plan,,Y,41,0,53865506,DUBAI SOUTH,,,,
The Valley - Vindera,,off-plan,,Y,40,0,160442942,Al Yufrah 1,,,,
DAMAC CITY,,off-plan,,Y,40,0,155740887,DUBAI WATER CANAL,,,,
La Tilia at Villanova Phase 1,,off-plan,,Y,40,0,131817742,Wadi Al Safa 5,,,,
JAD 288,,off-plan,,Y,40,0,58068520,Al Satwa,,,,
HOUSE OF WELL,,off-plan,,Y,40,0,38208820,Palm Deira,,,,
Akala Hotels and Residences,ARADA DEVELOPMENTS L.L.C S.O.C,off-plan,Y,Y,39,0,306772200,Zaabeel Second,,ACTIVE,0,Y
SERENIA DISTRICT - EAST,PALMA HOMES REAL ESTATE DEVELOPMENT L.L.C,off-plan,Y,Y,39,0,147738300,Al Thanyah Fifth,,ACTIVE,0,Y
Artistry Two Residences,SELECT GLOBAL DEVELOPMENT L.L.C,off-plan,Y,Y,39,0,146521220,Zaabeel Second,,ACTIVE,0,Y
Verdana 7,,off-plan,,Y,39,0,56100463,DUBAI INVESTMENT PARK FIRST,,,,
Binghatti Flare 01,,off-plan,,Y,39,0,55356962,JUMEIRAH VILLAGE TRIANGLE,,,,
TULIP OASIS 10,,off-plan,,Y,39,0,53682066,MAJAN,,,,
Villea West,,off-plan,,Y,39,0,52431670,Al Satwa,,,,
Rivo,,off-plan,,Y,39,0,44911883,DUBAI LAND RESIDENCE COMPLEX,,,,
THE CORNER,,off-plan,,Y,39,0,39667717,DUBAI LAND RESIDENCE COMPLEX,,,,
Avana Residences by DECA Real Estate Development,,off-plan,,Y,39,0,33636947,JUMEIRAH VILLAGE CIRCLE,,,,
Jumeirah Residences Emirates Towers,,off-plan,,Y,38,0,372984000,Trade Center Second,,,,
Ocean Bay by Samana Developers,,off-plan,,Y,38,0,104630779,Palm Deira,,,,
Azizi Riviera 50,,mixed,,Y,38,1,93584812,MEYDAN ONE,,,,
ADEBA AZIZI,,off-plan,,Y,38,0,65381896,DUBAI HEALTHCARE CITY - PHASE 2,,,,
ENRE RESIDENCE BY IMTIAZ,IMTIAZ SOUTH REAL ESTATE DEVELOPMENT L.L.C,off-plan,Y,Y,38,0,49969127,DUBAI SOUTH,,ACTIVE,7.25,Y
Samana IBIZA,,off-plan,,Y,38,0,35788200,DUBAI LAND RESIDENCE COMPLEX,,,,
DIVINE ELEMENTS,TAKMEEL REAL ESTATE DEVELOPMENT L.L.C,off-plan,Y,Y,38,0,33730772,DUBAI SOUTH,,ACTIVE,0,Y
Binghatti Pinnacle,,off-plan,,Y,37,0,101309963,DUBAI HEALTHCARE CITY - PHASE 2,,,,
Meriden Beach by Green Horizon,,off-plan,,Y,37,0,90314420,Palm Deira,,,,
Exotica by Al Marina,,off-plan,,Y,37,0,41670687,JUMEIRAH VILLAGE CIRCLE,,,,
CELIA HOMES,,off-plan,,Y,37,0,35560535,DUBAI LAND RESIDENCE COMPLEX,,,,
Verdana Residence 8,,off-plan,,Y,37,0,34500562,Dubai Investment Park First,,,,
ELARIS Rise,,off-plan,,Y,36,0,53667844,JUMEIRAH VILLAGE TRIANGLE,,,,
Berkeley Square by Prestige One,,off-plan,,Y,36,0,38197608,JUMEIRAH VILLAGE CIRCLE,,,,
Waada - Cascada 2,BT PROPERTIES DWC LLC,off-plan,Y,Y,36,0,32154000,Madinat Al Mataar,,ACTIVE,0,Y
The Cove ll,,mixed,,Y,35,3,141049884,DUBAI CREEK HARBOUR,,,,
Villa dell Arte,AMBERTON RESIDENCES REAL ESTATE L.L.C,off-plan,Y,Y,35,0,116941320,Palm Deira,,ACTIVE,0,Y
Vida Residences Hillside,,off-plan,,Y,35,0,95192846,Hadaeq Sheikh Mohammed Bin Rashid,,,,
Trussardi Residences 2,,off-plan,,Y,35,0,45949171,Jabal Ali First,,,,
The Collective,,off-plan,,Y,35,0,42078900,Madinat Al Mataar,,,,
ANANDA RESIDENCES,,off-plan,,Y,35,0,25124956,MOTOR CITY,,,,
Azizi Milan 30,,off-plan,,Y,35,0,24460140,CITY OF ARABIA,,,,
Waada - Rayhan 1,,off-plan,,Y,34,0,103790000,Madinat Al Mataar,,,,
The LX,,off-plan,,Y,34,0,89056928,ARJAN,,,,
THE HIGHGROVE,,off-plan,,Y,34,0,79198152,HORIZON,,,,
Azizi Central,,off-plan,,Y,34,0,57071839,AL FURJAN,,,,
VIBE,,off-plan,,Y,34,0,40891995,Al Satwa,,,,
FOREST CITY TOWER 2,,off-plan,,Y,34,0,38298158,DUBAI LAND RESIDENCE COMPLEX,,,,
11 Hills Park,,off-plan,,Y,34,0,32270059,DUBAI SCIENCE PARK,,,,
Laguna Residence,,off-plan,,Y,34,0,30987267,CITY OF ARABIA,,,,
GHAFF LAND RESIDENCE,,off-plan,,Y,34,0,27205684,DUBAI STUDIO CITY,,,,
Azizi Milan 55,,off-plan,,Y,34,0,22309410,CITY OF ARABIA,,,,
ELTIERA VIEWS,ELLINGTON PCFC DEVELOPERS L.L.C,off-plan,Y,Y,33,0,88394324,Al Thanyah Fifth,,ACTIVE,0,Y
HELVETIA RESIDENCES,,off-plan,,Y,33,0,70196770,JUMEIRAH VILLAGE CIRCLE,,,,
Binghatti Skyhall,,off-plan,,Y,33,0,54764999,BUSINESS BAY,,,,
Maison Elysee I,,off-plan,,Y,33,0,27984798,JUMEIRAH VILLAGE CIRCLE,Elysee Heights,,,
Maimoon Gardens,,off-plan,,Y,33,0,24181213,JUMEIRAH VILLAGE CIRCLE,,,,
Hayat 5,DUBAI SOUTH PROPERTIES DWC LLC,off-plan,Y,Y,32,0,173120005,Madinat Al Mataar,,ACTIVE,0,Y
Capital One,,off-plan,,Y,32,0,85622451,JUMEIRAH VILLAGE CIRCLE,,,,
Flora Shore by Calgary Properties,,off-plan,,Y,32,0,83355760,PALM DEIRA,,,,
HERMINA BY CASAGRAND GALLANTEE REAL ESTATE,,off-plan,,Y,32,0,82847221,Palm Deira,,,,
One Residence,,off-plan,,Y,32,0,70343142,BURJ KHALIFA,,,,
Tomorrow Commercial Tower,,off-plan,,Y,32,0,65932406,INTERNATIONAL CITY PH 1,ICONIC,,,
Greenside Residence,,off-plan,,Y,32,0,62452422,DUBAI HILLS,,,,
Binghatti Twilight,,off-plan,,Y,32,0,61645550,JADDAF WATERFRONT,,,,
OLIVO PARK RESIDENCES BY EVERA,,off-plan,,Y,32,0,50423295,JUMEIRAH VILLAGE CIRCLE,,,,
Rabdan Gates,,off-plan,,Y,32,0,41542409,MAJAN,,,,
The Haven II,,off-plan,,Y,32,0,37888541,MAJAN,,,,
Binghatti Starlight,,off-plan,,Y,32,0,36983100,Al Jadaf,,,,
Barari Palace,,off-plan,,Y,32,0,36664300,MAJAN,,,,
Palatium Residences,,off-plan,,Y,32,0,35955790,JUMEIRAH VILLAGE CIRCLE,,,,
Samana Park Meadows,,off-plan,,Y,32,0,29381961,DUBAI LAND RESIDENCE COMPLEX,,,,
Sobha Hartland Waves Opulence,,off-plan,,Y,31,0,151939472,SOBHA HEARTLAND,,,,
Albero,,off-plan,,Y,31,0,107275848,Al Khairan First,,,,
Parkwood,,off-plan,,Y,31,0,86478987,Hadaeq Sheikh Mohammed Bin Rashid,,,,
SERA 1,MINA RASHID PROPERTIES L.L.C,off-plan,Y,Y,31,0,73800528,Madinat Dubai Almelaheyah,,ACTIVE,0,Y
SERENIA DISTRICT - WEST,,off-plan,,Y,31,0,65277000,JUMEIRAH HEIGHTS,,,,
Vincitore Aqua Flora,,off-plan,,Y,31,0,42485000,DUBAI SCIENCE PARK,,,,
Vincitore Aqua Dimore,,off-plan,,Y,31,0,40817000,DUBAI SCIENCE PARK,,,,
Azizi David,AZIZI DEVELOPMENTS L.L.C,off-plan,Y,Y,31,0,33319156,SAMA AL JADAF,,ACTIVE,2,Y
SILVIANA PARK LIVING,,off-plan,,Y,31,0,31996410,JUMEIRAH VILLAGE TRIANGLE,,,,
THE FIFTH TOWER,,off-plan,,Y,31,0,29515106,JUMEIRAH VILLAGE CIRCLE,,,,
Azizi Grand,,off-plan,,Y,31,0,29392132,DUBAI SPORTS CITY,,,,
Verdana Residence 2,,off-plan,,Y,31,0,16775949,Dubai Investment Park First,,,,
SERA 2,MINA RASHID PROPERTIES L.L.C,off-plan,Y,Y,30,0,87728515,Madinat Dubai Almelaheyah,,ACTIVE,0,Y
Creek Waters 2,,off-plan,,Y,30,0,63925961,DUBAI CREEK HARBOUR,,,,
Sola Residences,,off-plan,,Y,30,0,47813273,Jabal Ali First,,,,
AVENEW888 - MODO,,off-plan,,Y,30,0,47787580,Madinat Al Mataar,,,,
FOREST CITY TOWER,,off-plan,,Y,30,0,44762315,MAJAN,,,,
VERDANIA 1,,off-plan,,Y,30,0,24163883,DUBAI LAND RESIDENCE COMPLEX,,,,
Sobha Hartland - Crest Grande,,mixed,,Y,29,39,181375055,SOBHA HEARTLAND,,,,
Tiger Sky Tower,,off-plan,,Y,29,0,120741401,BUSINESS BAY,,,,
Address Residences Zabeel,,off-plan,,Y,29,0,95040478,Zaabeel First,,,,
DAMAC RIVERSIDE - OLIVE,,off-plan,,Y,29,0,91971595,Dubai Investment Park Second,,,,
Arka Enclave Residences,,off-plan,,Y,29,0,83562007,Palm Deira,,,,
Skyhills III by HRE,,off-plan,,Y,29,0,72783878,JUMEIRAH VILLAGE CIRCLE,,,,
ONDA BY KASCO,,off-plan,,Y,29,0,65378280,BUSINESS BAY,,,,
UH EAST BY ELLINGTON,,off-plan,,Y,29,0,64437147,JUMEIRAH LAKES TOWERS,,,,
Trevino,,off-plan,,Y,29,0,30715596,JUMEIRAH VILLAGE CIRCLE,,,,
Provenza Residences,,off-plan,,Y,29,0,28667000,JUMEIRAH VILLAGE CIRCLE,,,,
TRIA BY DEYAAR,,off-plan,,Y,29,0,28306000,SILICON OASIS,,,,
MIORAH By Zoya,,off-plan,,Y,29,0,26251421,DUBAI SOUTH,,,,
OASIS RESIDENCES,,off-plan,,Y,29,0,26068893,DUBAI SOUTH,,,,
NORTH FORTY THREE SERVICED RESIDENCES,,off-plan,,Y,29,0,17455384,JUMEIRAH VILLAGE CIRCLE,,,,
SPARKLZ by Danube,,mixed,,Y,28,1,109100292,AL FURJAN,,,,
PARKWAY BY PRESTIGE ONE,,off-plan,,Y,28,0,56649482,HORIZON,,,,
Vestoria Bay,,off-plan,,Y,28,0,56334815,Palm Deira,,,,
Boulevard Park 2,JAG DEVELOPMENT L.L.C,off-plan,Y,Y,28,0,55292000,Jabal Ali First,,ACTIVE,0,Y
R Home MH,BUKADRA DEVELOPMENT L.L.C,off-plan,Y,Y,28,0,53018000,HORIZON,,ACTIVE,0,Y
ONE SKY PARK BY IMAN,,off-plan,,Y,28,0,38778143,JUMEIRAH VILLAGE CIRCLE,,,,
EVERGRIN HOUSE 2,,off-plan,,Y,28,0,37510970,Al Satwa,,,,
Lume Residences,,off-plan,,Y,28,0,27359021,JUMEIRAH VILLAGE CIRCLE,,,,
AG AUM RESIDENCE,,off-plan,,Y,28,0,17821208,DUBAI LAND RESIDENCE COMPLEX,,,,
Azizi Lina,AZIZI DEVELOPMENTS L.L.C,off-plan,Y,Y,28,0,17634470,DOWN TOWN JABAL ALI,,ACTIVE,2,Y
Villa del Garda Residences,RIVIERA VISTA REAL ESTATE DEVELOPMENT L.L.C,off-plan,Y,Y,27,0,124185997,PALM DEIRA,,ACTIVE,0,Y
Arya Residences by Citi Developers,,off-plan,,Y,27,0,79062882,PALM DEIRA,,,,
Marquis Galleria,,mixed,,Y,27,37,73977667,ARJAN,,,,
999 Residences by Reef Luxury Development,,off-plan,,Y,27,0,47738149,AL FURJAN,,,,
The Community - Sports Arena,,off-plan,,Y,27,0,39475495,DUBAI SPORTS CITY,,,,
Symbolic Altus,,off-plan,,Y,27,0,33513440,LIWAN,,,,
Regalia,,off-plan,,Y,27,0,32761076,BUSINESS BAY,,,,
Livia Residence,,off-plan,,Y,27,0,31765686,DUBAI SOUTH,,,,
Norah Residence,,off-plan,,Y,27,0,28397805,JUMEIRAH VILLAGE CIRCLE,,,,
Aria Heights,,off-plan,,Y,27,0,24711976,JUMEIRAH VILLAGE CIRCLE,,,,
Elevia Residences,,off-plan,,Y,27,0,15314000,INTERNATIONAL CITY PH 2 & 3,,,,
DAMAC BAY,,off-plan,,Y,26,0,105503830,Marsa Dubai,,,,
Saba 4,,off-plan,,Y,26,0,91380122,JUMEIRAH LAKES TOWERS,,,,
SUNSET BAY FIVE by Imtiaz,,off-plan,,Y,26,0,66063113,Palm Deira,,,,
MBL Signature,,off-plan,,Y,26,0,62003655,JUMEIRAH LAKES TOWERS,,,,
330 Riverside Crescent,,off-plan,,Y,26,0,60347732,Bukadra,,,,
Mirdif Hills - Asayel Avenue,,off-plan,,Y,26,0,54145566,Mirdif,,,,
Sukoon by Nuri,,off-plan,,Y,26,0,45187000,Nad Al Shiba First,,,,
Verdana 10,REPORTAGE PLUS A REAL ESTATE DEVELOPMENT L.L.C,off-plan,Y,Y,26,0,42926595,DUBAI INVESTMENT PARK FIRST,,ACTIVE,0,Y
ENSO AMBER,,off-plan,,Y,26,0,40417890,Al Satwa,,,,
Fiori,NSHAMA PROPERTIES OWNED BY NSHMI DEVELOPMENT ONE PERSON COMPANY L.L.C,off-plan,Y,Y,26,0,36037088,Al Yelayiss 2,,ACTIVE,0,Y
AZIZI VENICE 2,,off-plan,,Y,26,0,30200380,Madinat Al Mataar,,,,
Jomana,,off-plan,,Y,25,0,102347823,Um Suqaim Third,,,,
Aurea,MINA RASHID PROPERTIES L.L.C,off-plan,Y,Y,25,0,97742356,Madinat Dubai Almelaheyah,,ACTIVE,0,Y
BEACH WALK GRAND 2 BY IMTIAZ,,off-plan,,Y,25,0,87252219,PALM DEIRA,,,,
AYKON CITY 3,,off-plan,,Y,25,0,82649314,BUSINESS BAY,,,,
Tomorrow 166,,off-plan,,Y,25,0,75659000,Palm Deira,,,,
Lamaa,,off-plan,,Y,25,0,71619751,Um Suqaim Third,,,,
Rise by Athlon 4,AURORA SPV 3 L.L.C,off-plan,Y,Y,25,0,67854604,Wadi Al Safa 5,,ACTIVE,0,Y
Palace Residences Dubai Hills Estate,,off-plan,,Y,25,0,52531275,DUBAI HILLS,,,,
Verdana 6,,off-plan,,Y,25,0,41792125,DUBAI INVESTMENT PARK FIRST,,,,
SUNVALE,PRYSM REAL ESTATE DEVELOPMENT L.L.C,off-plan,Y,Y,25,0,34811600,AL FURJAN,,ACTIVE,0,Y
AZIZI MILAN 51,,off-plan,,Y,25,0,15895590,CITY OF ARABIA,,,,
BAYVIEW,,off-plan,,Y,24,0,210052960,DUBAI HARBOUR,,,,
Fior 1,,off-plan,,Y,24,0,79641125,Madinat Dubai Almelaheyah,,,,
Golf Heights,,off-plan,,Y,24,0,77726253,THE LAKES,,,,
City View Dubai Hills Residences,,off-plan,,Y,24,0,74693902,Hadaeq Sheikh Mohammed Bin Rashid,,,,
OCTA ISLE Interiors by MISSONI,,off-plan,,Y,24,0,73471606,PALM DEIRA,,,,
Edgewater Residences 3,,off-plan,,Y,24,0,54387668,PALM DEIRA,,,,
Hillsedge,,off-plan,,Y,24,0,53524453,Hadaeq Sheikh Mohammed Bin Rashid,,,,
The Place By Prestige One,,off-plan,,Y,24,0,41769660,DUBAI SPORTS CITY,,,,
Minati Homes 1,,off-plan,,Y,24,0,39115700,AL FURJAN,,,,
Repose Residence,,off-plan,,Y,24,0,36962113,AL FURJAN,,,,
THE AUTOGRAPH-I SERIES,,off-plan,,Y,24,0,34409486,JUMEIRAH VILLAGE CIRCLE,,,,
Binghatti Circle,,off-plan,,Y,24,0,33945906,JUMEIRAH VILLAGE CIRCLE,,,,
SKY HARMONY BY PEACE HOMES,PEACE HOMES INTERNATIONAL DEVELOPMENT L.L.C,off-plan,Y,Y,24,0,28800000,JUMEIRAH VILLAGE CIRCLE,,ACTIVE,0,Y
TULIP OASIS 11,,off-plan,,Y,24,0,28710733,MAJAN,,,,
BLISS TOWER,,off-plan,,Y,24,0,28501638,DUBAI LAND RESIDENCE COMPLEX,,,,
"Baccarat Hotel and Residences, Dubai",,off-plan,,Y,23,0,846301970,BURJ KHALIFA,,,,
SOLARA TOWER DUBAI,,off-plan,,Y,23,0,352301727,BURJ KHALIFA,,,,
CHELSEA RESIDENCES BY DAMAC,,off-plan,,Y,23,0,95664290,DUBAI MARITIME CITY,,,,
Wellington Ocean Walk,,off-plan,,Y,23,0,60426508,Palm Deira,,,,
340 Riverside Crescent,,off-plan,,Y,23,0,60154731,Bukadra,,,,
Empire Estates,,off-plan,,Y,23,0,38907996,ARJAN,,,,
DAMAC RIVERSIDE VIEWS - ROYAL 2,,off-plan,,Y,23,0,37763900,Dubai Investment Park Second,,,,
TREPPAN TOWER,,off-plan,,Y,23,0,31750610,JUMEIRAH VILLAGE TRIANGLE,,,,
DAMAC HILLS - GOLF GATE 2,,off-plan,,Y,23,0,27211140,DAMAC HILLS,,,,
Aveline Residences by Citi Developers,,off-plan,,Y,23,0,26590270,JUMEIRAH VILLAGE CIRCLE,,,,
The Orchard Place- Towers D&E,,off-plan,,Y,23,0,24522844,JUMEIRAH VILLAGE CIRCLE,,,,
MAG 777,,off-plan,,Y,23,0,23712510,DUBAI SPORTS CITY,,,,
THE BOULEVARD BY PRESTIGE ONE,,off-plan,,Y,23,0,19025945,DUBAI LAND RESIDENCE COMPLEX,,,,
EQUITI TOWER,,off-plan,,Y,23,0,18218562,INTERNATIONAL CITY PH 2 & 3,,,,
Mars Residences,,off-plan,,Y,23,0,16965493,DUBAI SPORTS CITY,,,,
NUMA RESERVE,,off-plan,,Y,22,0,320392000,Wadi Al Safa 3,,,,
MR.C RESIDENCES DOWNTOWN,,off-plan,,Y,22,0,232487357,Al Wasl,,,,
DAMAC BAY 2,,off-plan,,Y,22,0,146218017,Marsa Dubai,,,,
Creek Waters,,off-plan,,Y,22,0,72362488,DUBAI CREEK HARBOUR,,,,
Arabian Ranches lll - Anya,,off-plan,,Y,22,0,68396052,Wadi Al Safa 5,,,,
Arabian Ranches lll - May,,off-plan,,Y,22,0,62952292,Wadi Al Safa 5,,,,
Skyhills II by HRE,,off-plan,,Y,22,0,60233136,JUMEIRAH VILLAGE CIRCLE,,,,
Royal Regency Suites,,off-plan,,Y,22,0,41462740,BUSINESS BAY,,,,
DAMAC RIVERSIDE VIEWS - ROYAL 1,,off-plan,,Y,22,0,38805900,Dubai Investment Park Second,,,,
AZIZI ZAIN,,off-plan,,Y,22,0,35451696,AL FURJAN,,,,
MAG 330,,off-plan,,Y,22,0,31146795,CITY OF ARABIA,,,,
South Garden A,,off-plan,,Y,22,0,28671000,Jabal Ali First,,,,
The Harmony,,off-plan,,Y,22,0,25918027,DUBAI SOUTH,,,,
Sportz By Danube,,off-plan,,Y,22,0,22939528,DUBAI SPORTS CITY,,,,
Skyhills I by HRE,,off-plan,,Y,22,0,22936609,DUBAI SCIENCE PARK,,,,
09 Life Residences,,off-plan,,Y,22,0,20401891,DUBAI LAND RESIDENCE COMPLEX,,,,
RED SQUARE,,off-plan,,Y,22,0,19945770,JUMEIRAH VILLAGE TRIANGLE,,,,
LAZORD BY LAPIS,,off-plan,,Y,22,0,19642136,MAJAN,,,,
CELIA HEIGHTS,,off-plan,,Y,22,0,16883018,MAJAN,,,,
AZIZI JEWEL,,off-plan,,Y,22,0,12816350,AL FURJAN,,,,
CG Living,,off-plan,,Y,21,0,63727145,PALM DEIRA,,,,
Bayz 101 By Danube,,off-plan,,Y,21,0,49128674,BUSINESS BAY,,,,
Allegro Park by Mill Hill Riviera Development,,off-plan,,Y,21,0,45780045,Palm Deira,,,,
Alton,,off-plan,,Y,21,0,45760648,Al Yelayiss 2,,,,
Samana Business Park,,off-plan,,Y,21,0,35301392,MAJAN,,,,
THE MAYFAIR,,off-plan,,Y,21,0,28182530,Al Yelayiss 2,,,,
Parkside Boulevard,,off-plan,,Y,21,0,24016171,ARJAN,,,,
SquareX Residence,,off-plan,,Y,21,0,23052609,JUMEIRAH VILLAGE CIRCLE,,,,
GATEWAY BY PREMIER CHOICE,,off-plan,,Y,21,0,21223691,JUMEIRAH VILLAGE CIRCLE,,,,
Maison Elysee II,,off-plan,,Y,21,0,18804723,JUMEIRAH VILLAGE CIRCLE,Elysee Heights,,,
AG SQUARE,,off-plan,,Y,21,0,10970622,DUBAI LAND RESIDENCE COMPLEX,,,,
"The Residences, Al Habtoor Grand",,mixed,,Y,20,1,2018700860,Marsa Dubai,,,,
SERENIA LIVING,,mixed,,Y,20,4,292633966,PALM JUMEIRAH,,,,
Azha Millennium Residences,,mixed,,Y,20,1,137916543,JUMEIRAH VILLAGE TRIANGLE,,,,
Baystar by VIDA,,off-plan,,Y,20,0,104528089,Madinat Dubai Almelaheyah,,,,
MERCER HOUSE,,off-plan,,Y,20,0,77226057,Al Thanyah Fifth,,,,
TREPPAN SERENIQUE RESIDENCES,,off-plan,,Y,20,0,75780300,PALM DEIRA,,,,
DAMAC ISLANDS 2 - ANTIGUA 1,,off-plan,,Y,20,0,72148010,Al Yelayiss 1,,,,
360 Riverside Crescent,,off-plan,,Y,20,0,71622808,Bukadra,,,,
320 Riverside Crescent,,off-plan,,Y,20,0,58854382,Bukadra,,,,
CANAL HEIGHTS,,off-plan,,Y,20,0,48888277,BUSINESS BAY,,,,
The Valley - Nima,,off-plan,,Y,20,0,47456938,Al Yufrah 1,,,,
Agua Residences by Citi Developers - Tower 1,,off-plan,,Y,20,0,45224680,Palm Deira,,,,
Binghatti Ivory,,off-plan,,Y,20,0,43444111,DUBAI HEALTHCARE CITY - PHASE 2,,,,
Binghatti Moonlight,,off-plan,,Y,20,0,40343432,JADDAF WATERFRONT,,,,
AB CAVALIER,,mixed,,Y,20,10,35625104,JUMEIRAH VILLAGE CIRCLE,,,,
DAMAC RIVERSIDE VIEWS - ROYAL 3&4,,off-plan,,Y,20,0,32874841,Dubai Investment Park Second,,,,
Alma Gardens,,off-plan,,Y,20,0,28518022,Wadi Al Safa 2,,,,
STAMN ONE,,off-plan,,Y,20,0,28305342,Al Satwa,,,,
CHIC TOWER,,off-plan,,Y,20,0,26964610,Business Bay,,,,
JOYA DORADO RESIDENCE,,off-plan,,Y,20,0,14177566,ARJAN,,,,
NEST,,off-plan,,Y,20,0,13155464,INTERNATIONAL CITY PH 2 & 3,,,,
Azizi Milan 53,,off-plan,,Y,20,0,12723660,CITY OF ARABIA,,,,
RAFFI BY AZIZI,,off-plan,,Y,20,0,12505880,AL FURJAN,,,,
Sobha Seahaven Tower B & C,,off-plan,,Y,19,0,218187748,Marsa Dubai,,,,
Dubai Harbour Residences (Area 3),,off-plan,,Y,19,0,184103894,Marsa Dubai,,,,
Bluewaters Bay,,off-plan,,Y,19,0,108166704,Marsa Dubai,,,,
Haven By Aldar 2,,mixed,,Y,19,3,89475081,Wadi Al Safa 5,,,,
Azizi Riviera Reve,,off-plan,,Y,19,0,67457951,MEYDAN ONE,,,,
Ayaan Heights I,,off-plan,,Y,19,0,55327983,HORIZON,,,,
Agua Residences by Citi Developers - Tower 2,,off-plan,,Y,19,0,49691012,Palm Deira,,,,
Blue Marina Residence by Shakirov Developments,,off-plan,,Y,19,0,44386800,Palm Deira,,,,
WASL BY AZIZI,,off-plan,,Y,19,0,36166150,Palm Deira,,,,
South Garden B,,off-plan,,Y,19,0,27502000,Jabal Ali First,,,,
Silver Park Residency,,mixed,,Y,19,21,26326998,INTERNATIONAL CITY PH 2 & 3,,,,
Grove,,off-plan,,Y,19,0,25586552,TOWN SQUARE,,,,
AZIZI VENICE 3,,off-plan,,Y,19,0,23486768,Madinat Al Mataar,,,,
Urban Park Residences,,off-plan,,Y,19,0,22435192,DUBAI SPORTS CITY,,,,
10 OXFORD by IMAN,,off-plan,,Y,19,0,18140400,JUMEIRAH VILLAGE CIRCLE,,,,
JANNAT,,off-plan,,Y,19,0,17671669,DUBAI PRODUCTION CITY,,,,
ESSENLIFE RESIDENCE,,off-plan,,Y,19,0,17649812,JUMEIRAH VILLAGE TRIANGLE,,,,
The Community Motor City,,off-plan,,Y,19,0,15917660,MOTOR CITY,,,,
ARLINGTON PARK By MAJID,,off-plan,,Y,19,0,15697872,DUBAI LAND RESIDENCE COMPLEX,,,,
Azizi Wares,AZIZI DEVELOPMENTS L.L.C,off-plan,Y,Y,19,0,12343770,Jabal Ali Industrial Second,,ACTIVE,2,Y
ICONIC,,off-plan,,Y,18,0,110608836,TECOM SITE A,,,,
DAMAC CASA,,off-plan,,Y,18,0,101538935,TECOM SITE A,,,,
THE CRESTMARK,,off-plan,,Y,18,0,98488592,BUSINESS BAY,,,,
Talea,MANAROLA REAL ESTATE DEVELOPMENTS L.L.C,off-plan,Y,Y,18,0,73794160,Madinat Dubai Almelaheyah,,ACTIVE,0,Y
Expo City Al Waha Residences 02,,off-plan,,Y,18,0,56280013,Madinat Al Mataar,,,,
310 Riverside Crescent,,off-plan,,Y,18,0,54036738,Bukadra,,,,
Samana IVY Gardens,,off-plan,,Y,18,0,26553836,DUBAI LAND RESIDENCE COMPLEX,,,,
Art House Private Residences By Viva,VIVA REAL ESTATE DEVELOPMENT L.L.C,off-plan,Y,Y,18,0,24838984,Wadi Al Safa 3,,ACTIVE,0,Y
Elitz 3 By Danube,,off-plan,,Y,18,0,23534871,JUMEIRAH VILLAGE CIRCLE,,,,
Barari Parks By Bahat,BAHAT REAL ESTATE DEVELOPMENT L.L.C,off-plan,Y,Y,18,0,20748722,MAJAN,,ACTIVE,0,Y
Blossom 76 by Tranquil,,off-plan,,Y,18,0,19796607,JUMEIRAH VILLAGE CIRCLE,,,,
Santorini Residences by Loutraki,,off-plan,,Y,18,0,15811948,JUMEIRAH VILLAGE TRIANGLE,,,,
Rijas Suites,,off-plan,,Y,18,0,14107155,MAJAN,,,,
Aman Residences Dubai,,off-plan,,Y,17,0,1839844690,Jumeirah Second,,,,
Trump Tower,DAR GLOBAL LUXURY PROPERTY DEVELOPMENT L.L.C S.O.C,off-plan,Y,Y,17,0,70304099,Trade Center First,,ACTIVE,2.03,Y
Beach Walk Residences 4 by Imtiaz,,off-plan,,Y,17,0,44662178,Palm Deira,,,,
Park Lane,,off-plan,,Y,17,0,34657086,DUBAI HILLS,,,,
350 Riverside Crescent,,off-plan,,Y,17,0,30887472,Bukadra,,,,
Bianca,,off-plan,,Y,17,0,23033873,Wadi Al Safa 2,,,,
Olbia,NSHAMA PROPERTIES OWNED BY NSHMI DEVELOPMENT ONE PERSON COMPANY L.L.C,off-plan,Y,Y,17,0,22788096,Al Yelayiss 2,,ACTIVE,0,Y
Weybridge Gardens 3,,off-plan,,Y,17,0,18097410,DUBAI LAND RESIDENCE COMPLEX,,,,
Terra Tower,,off-plan,,Y,17,0,17256322,DUBAI LAND RESIDENCE COMPLEX,,,,
Azizi Ruby,,off-plan,,Y,17,0,16242370,JUMEIRAH VILLAGE CIRCLE,,,,
Rose Gardens 2,,off-plan,,Y,17,0,15359245,JUMEIRAH VILLAGE CIRCLE,,,,
Weybridge Gardens 2,,off-plan,,Y,17,0,13718013,DUBAI LAND RESIDENCE COMPLEX,,,,
Celesto Tower 2,TARRAD REAL ESTATE DEVELOPMENT L.L.C,off-plan,Y,Y,17,0,11561093,DUBAI LAND RESIDENCE COMPLEX,,ACTIVE,0,Y
Azizi Sikander,,off-plan,,Y,17,0,10223020,AL FURJAN,,,,
"Solaya (4,6)",LA MER CENTRAL PROPERTY CO. L.L.C,off-plan,Y,Y,16,0,554710000,LA MER,,ACTIVE,0,Y
"Solaya (5,7)",LA MER CENTRAL PROPERTY CO. L.L.C,off-plan,Y,Y,16,0,520457000,Jumeirah First,,ACTIVE,0,Y
Dubai Harbour Residences (Area 1),,off-plan,,Y,16,0,151037860,Marsa Dubai,,,,
THE WATERCREST BY ELLINGTON,,off-plan,,Y,16,0,131773420,Wadi Al Safa 3,,,,
Palm Beach Towers -1,,off-plan,,Y,16,0,67438863,PALM JUMEIRAH,,,,
The Valley - Alana,,off-plan,,Y,16,0,61542215,Al Yufrah 1,,,,
Prestige One Residences,PRESTIGE LUXE REAL ESTATE DEVELOPMENT L.L.C,off-plan,Y,Y,16,0,56386672,DUBAI MARITIME CITY,,ACTIVE,0,Y
The Valley - Venera,,off-plan,,Y,16,0,45186751,Al Yufrah 1,,,,
Emerge Residences,,off-plan,,Y,16,0,43066550,Nad Al Shiba First,,,,
Park Views Residences B,,off-plan,,Y,16,0,40610301,Al Kifaf,,,,
48 PARKSIDE,,mixed,,Y,16,9,31347048,ARJAN,,,,
DAMAC RIVERSIDE VIEWS - INDIGO 2,,off-plan,,Y,16,0,29412530,Dubai Investment Park Second,,,,
Azizi Amir,,off-plan,,Y,16,0,26239419,AL FURJAN,,,,
Golf Point,,off-plan,,Y,16,0,22752124,EMAAR SOUTH,,,,
Avion Residence,,off-plan,,Y,16,0,20057740,DUBAI SOUTH,,,,
ARLINGTON PARK II BY MAJID,MAJID DEVELOPMENTS L.L.C,off-plan,Y,Y,16,0,17305283,DUBAI LAND RESIDENCE COMPLEX,,ACTIVE,0,Y
DAMAC HILLS (2) - ELO 2 & ELO 3,,off-plan,,Y,16,0,16902150,Madinat Hind 4,,,,
THE BOROUGH,,off-plan,,Y,16,0,16870375,JUMEIRAH VILLAGE CIRCLE,,,,
Samha Residence 2,,off-plan,,Y,16,0,15116000,JUMEIRAH VILLAGE CIRCLE,,,,
Binghatti Etherea,Binghatti Developers FZE,off-plan,Y,Y,16,0,14699985,JUMEIRAH VILLAGE CIRCLE,,ACTIVE,0,Y
Azizi Milan 9,,off-plan,,Y,16,0,11094110,Wadi Al Safa 4,,,,
ATHLON BY AL DAR 1,,mixed,,Y,15,21,246195976,Wadi Al Safa 5,,,,
Flora Isle,,off-plan,,Y,15,0,69910988,PALM DEIRA,,,,
CANAL HEIGHTS 2,,off-plan,,Y,15,0,52518088,BUSINESS BAY,,,,
Mudon Al Ranim 5,,off-plan,,Y,15,0,51825008,Al Hebiah Sixth,,,,
Verde by Sobha,,off-plan,,Y,15,0,41103394,JUMEIRAH LAKES TOWERS,,,,
Park Views Residences A,,off-plan,,Y,15,0,37735108,Al Kifaf,,,,
241 Waterside,LEGACY STAR REAL ESTATE DEVELOPMENT L.L.C,off-plan,Y,Y,15,0,35547980,Palm Deira,,ACTIVE,0,Y
Avenue Residence 7 By Nabni,,off-plan,,Y,15,0,35457445,AL FURJAN,,,,
Ocean Point,,off-plan,,Y,15,0,34675657,Madinat Dubai Almelaheyah,,,,
UH WEST BY ELLINGTON,,off-plan,,Y,15,0,31978005,JUMEIRAH LAKES TOWERS,,,,
The Valley - Lillia,,off-plan,,Y,15,0,31966758,Al Yufrah 1,,,,
Parkside Hills,,off-plan,,Y,15,0,30343435,Hadaeq Sheikh Mohammed Bin Rashid,,,,
Oceanz 2 By Danube,,off-plan,,Y,15,0,28890364,DUBAI MARITIME CITY,,,,
Rove Home Marasi Drive,,off-plan,,Y,15,0,26918463,BUSINESS BAY,,,,
DAMAC RIVERSIDE VIEWS - MARINE 4,,off-plan,,Y,15,0,25461500,Dubai Investment Park Second,,,,
DAMAC RIVERSIDE VIEWS - MARINE 1,,off-plan,,Y,15,0,25438000,Dubai Investment Park Second,,,,
Sonate Residences by Condor,,off-plan,,Y,15,0,24447049,JUMEIRAH VILLAGE TRIANGLE,,,,
Bond Enclave,,off-plan,,Y,15,0,20332027,ARJAN,,,,
Havelock Heights,,off-plan,,Y,15,0,19768490,JUMEIRAH VILLAGE CIRCLE,,,,
GARDENS 2,,off-plan,,Y,15,0,15554802,ARJAN,,,,
Azurline Residences by MAAS Developers,,off-plan,,Y,15,0,12637800,JUMEIRAH VILLAGE CIRCLE,,,,
GFS Coventry Gardens II,,off-plan,,Y,15,0,12515700,DUBAI LAND RESIDENCE COMPLEX,,,,
AZIZI NEILA,,off-plan,,Y,15,0,12251448,AL FURJAN,,,,
SPORTS VIEW RESIDENCE 2 BY AL HELAL AL ZAHABY,,off-plan,,Y,15,0,10610607,INTERNATIONAL CITY PH 2 & 3,,,,
PEACE AVENUE BY PEACE HOMES,PEACE HOMES DEVELOPMENT L.L.C,off-plan,Y,Y,15,0,8973249,DOWN TOWN JABAL ALI,,ACTIVE,0,Y
Inaura Hotels & Residences,,off-plan,,Y,14,0,123787000,BURJ KHALIFA,,,,
AMARA,,off-plan,,Y,14,0,123703442,Al Hebiah Fourth,,,,
PIAZZA ROMA,,off-plan,,Y,14,0,100236950,Al Hebiah Fifth,,,,
Address The Bay,,off-plan,,Y,14,0,97005013,DUBAI HARBOUR,,,,
Haven By Aldar 1,,mixed,,Y,14,5,87758104,Wadi Al Safa 5,,,,
Aquora by Casa Vista Development,,off-plan,,Y,14,0,52986557,Palm Deira,,,,
Mudon Al Ranim 7,,off-plan,,Y,14,0,52147000,Al Hebiah Sixth,,,,
Mudon Al Ranim 6,,off-plan,,Y,14,0,50960005,Al Hebiah Sixth,,,,
MARINA SHORES,,off-plan,,Y,14,0,40209245,DUBAI MARINA,,,,
Expo City Mangrove Residences,,off-plan,,Y,14,0,39471536,Madinat Al Mataar,,,,
Nuvana by Wadan,,off-plan,,Y,14,0,37417430,Palm Deira,,,,
Rise by Athlon 3,AURORA SPV 3 L.L.C,off-plan,Y,Y,14,0,36233718,Wadi Al Safa 5,,ACTIVE,0,Y
Parkside Views,,off-plan,,Y,14,0,35700513,Hadaeq Sheikh Mohammed Bin Rashid,,,,
Cilia,,off-plan,,Y,14,0,28868287,Wadi Al Safa 4,,,,
Symbolic Zen Residences,,off-plan,,Y,14,0,27682450,AL FURJAN,,,,
Rose Gardens 1,,off-plan,,Y,14,0,26347584,Al Satwa,,,,
ARTHOUSE RESIDENCES TOWER A by AVIAAN,,off-plan,,Y,14,0,25901211,Nad Al Shiba First,,,,
DO Residences,,off-plan,,Y,14,0,20496182,Palm Deira,,,,
Amazonia,,off-plan,,Y,14,0,18456920,JADDAF WATERFRONT,,,,
Veda by AUM One Real Estate Development,,off-plan,,Y,14,0,18425406,JUMEIRAH VILLAGE CIRCLE,,,,
WAREF residences by sido development,,off-plan,,Y,14,0,17902617,JUMEIRAH VILLAGE CIRCLE,,,,
Vue by Crystal Bay,,off-plan,,Y,14,0,17892691,JUMEIRAH VILLAGE CIRCLE,,,,
Xenia Residence,,off-plan,,Y,14,0,16039988,JUMEIRAH VILLAGE CIRCLE,,,,
Samana Lake Views 2,,off-plan,,Y,14,0,13894257,DUBAI PRODUCTION CITY,,,,
Luminar Tower 1,,off-plan,,Y,14,0,13770574,JUMEIRAH VILLAGE TRIANGLE,,,,
Almaan 101,,off-plan,,Y,14,0,13375900,JUMEIRAH VILLAGE CIRCLE,,,,
Samana Hills South 2,,off-plan,,Y,14,0,12800775,DUBAI INDUSTRIAL CITY,,,,
MAK I'Sola Bella,,off-plan,,Y,14,0,12414350,JUMEIRAH VILLAGE CIRCLE,,,,
Veona by Gutti,,off-plan,,Y,14,0,11333808,DUBAI LAND RESIDENCE COMPLEX,,,,
Stellar Axis by Ajmal Estate Developers,,off-plan,,Y,14,0,10864836,INTERNATIONAL CITY PH 2 & 3,,,,
Q Gardens Lofts 2,,off-plan,,Y,14,0,9952990,JUMEIRAH VILLAGE CIRCLE,,,,
EATON SQUARE,,off-plan,,Y,13,0,409363936,HORIZON,,,,
Terra Golf Collection,,mixed,,Y,13,1,200643000,Me'Aisem First,,,,
Knightsbridge Park,,off-plan,,Y,13,0,112963633,Wadi Al Safa 3,,,,
Silena Residences,,off-plan,,Y,13,0,69352400,PALM DEIRA,,,,
THE ONE by Prestige One,,off-plan,,Y,13,0,66883773,BARSHA HEIGHTS,,,,
Erin,,off-plan,,Y,13,0,48924011,Al Wasl,,,,
Golf Hillside,,off-plan,,Y,13,0,42286895,Hadaeq Sheikh Mohammed Bin Rashid,,,,
The Valley - Rivana,,off-plan,,Y,13,0,42080596,Al Yufrah 1,,,,
VOLTA TOWER,,off-plan,,Y,13,0,41731562,BURJ KHALIFA,,,,
Dusit Princess Rijas,,off-plan,,Y,13,0,38917545,JUMEIRAH VILLAGE CIRCLE,,,,
CANAL CROWN,,off-plan,,Y,13,0,37856149,BUSINESS BAY,,,,
DAMAC RIVERSIDE - LUSH,,off-plan,,Y,13,0,36003952,Dubai Investment Park Second,,,,
Flow Residences,,off-plan,,Y,13,0,35758966,Palm Deira,,,,
399 Hills Park B,,off-plan,,Y,13,0,33913929,DUBAI HILLS,Hills Park,,,
City Center Residences,,off-plan,,Y,13,0,33400426,BURJ KHALIFA,,,,
ROVE HOME DUBAI MARINA,,off-plan,,Y,13,0,31208725,DUBAI MARINA,,,,
NEVA RESIDENCES,,mixed,,Y,13,18,29994770,JUMEIRAH VILLAGE CIRCLE,,,,
West 5 Residences,,off-plan,,Y,13,0,27598689,Al Satwa,,,,
Dreamlife Residences,,off-plan,,Y,13,0,25663146,Palm Deira,,,,
Chelsea Gardens,,off-plan,,Y,13,0,25556284,Al Satwa,,,,
DAMAC RIVERSIDE VIEWS - INDIGO 1,,off-plan,,Y,13,0,21247580,Dubai Investment Park Second,,,,
Waada - Cascada 1,,off-plan,,Y,13,0,21010000,Madinat Al Mataar,,,,
Whitestone Residence,,off-plan,,Y,13,0,20824564,Al Satwa,,,,
171 Garden Heights,,off-plan,,Y,13,0,19058002,Al Satwa,,,,
Symphony,,off-plan,,Y,13,0,17430706,TOWN SQUARE,,,,
AZIZI VENICE 4,,off-plan,,Y,13,0,17052140,Madinat Al Mataar,,,,
DAMAC RIVERSIDE VIEWS - MARINE 2,,off-plan,,Y,13,0,16850050,Dubai Investment Park Second,,,,
Sereno Residences,,off-plan,,Y,13,0,16741228,JUMEIRAH VILLAGE CIRCLE,,,,
EVERGRIN HOUSE,,off-plan,,Y,13,0,16213092,Al Satwa,,,,
Casa Vista Residence By Golden Woods,,off-plan,,Y,13,0,15458104,JUMEIRAH VILLAGE CIRCLE,,,,
BEVERLY GARDENS BY AA AND HMB REAL ESTATE DEVELOPMENT,,off-plan,,Y,13,0,14182650,Jabal Ali First,,,,
Boutique 23,,off-plan,,Y,13,0,13584235,JADDAF WATERFRONT,,,,
Cove Living Residence By Imtiaz,,off-plan,,Y,13,0,11161601,DUBAI LAND RESIDENCE COMPLEX,,,,
Seslia Tower,,off-plan,,Y,13,0,10485343,JUMEIRAH VILLAGE TRIANGLE,,,,
ZYRA HILLS,LARAIX DEVELOPERS L.L.C,off-plan,Y,Y,13,0,9264194,INTERNATIONAL CITY PH 2 & 3,,ACTIVE,0,Y
THE WIND TOWER I,,off-plan,,Y,13,0,7940851,JUMEIRAH LAKES TOWERS,,,,
"Solaya (1,2,3)",LA MER NORTH PROPERTY CO. L.L.C,off-plan,Y,Y,12,0,404934000,Jumeirah First,,ACTIVE,0,Y
Burj Binghatti Jacob & Co. Residences,,off-plan,,Y,12,0,123730008,BUSINESS BAY,,,,
OMORIA HOTEL RESIDENCES,,off-plan,,Y,12,0,98525771,PALM DEIRA,,,,
Haven By Aldar 3,,mixed,,Y,12,5,68574491,Wadi Al Safa 5,,,,
California Village,,mixed,,Y,12,2,56974450,Wadi Al Safa 4,,,,
Laurel,,off-plan,,Y,12,0,38390004,Al Wasl,,,,
Bayview Boulevard,,off-plan,,Y,12,0,29201906,PALM DEIRA,,,,
Address Residences l Dubai Hills Estate,,off-plan,,Y,12,0,28846398,Hadaeq Sheikh Mohammed Bin Rashid,,,,
Zephyra Residences,,off-plan,,Y,12,0,27681743,Palm Deira,,,,
Rome 3 by SD,,off-plan,,Y,12,0,27258322,Wadi Al Safa 3,,,,
Golf Residences by Fortimo,,off-plan,,Y,12,0,24915780,DUBAI HILLS,,,,
Boulevard Park 1,JAG DEVELOPMENT L.L.C,off-plan,Y,Y,12,0,22992000,Jabal Ali First,,ACTIVE,0,Y
Viewz 2 By Danube,,off-plan,,Y,12,0,22684153,JUMEIRAH LAKES TOWERS,,,,
Binghatti Grove,,off-plan,,Y,12,0,22260744,JUMEIRAH VILLAGE CIRCLE,,,,
ROVE HOME RESIDENCES by IRTH,,off-plan,,Y,12,0,20705430,BURJ KHALIFA,,,,
Cresswell Views,,off-plan,,Y,12,0,19491990,DUBAI SOUTH,,,,
Celia gardens,,off-plan,,Y,12,0,19315386,NAD AL SHEBA GARDENS,,,,
Club Drive,,off-plan,,Y,12,0,19015935,Hadaeq Sheikh Mohammed Bin Rashid,,,,
LIVING LEGENDS PHASE 4,,off-plan,,Y,12,0,17129197,LIVING LEGENDS,,,,
VYB,,off-plan,,Y,12,0,16946147,BUSINESS BAY,,,,
Mayfair Nexus by Seven Mayfair,SEVEN MAYFAIR REAL ESTATE DEVELOPMENT L.L.C,off-plan,Y,Y,12,0,16868613,DUBAI LIFESTYLE CITY,,ACTIVE,0.64,Y
1WOOD RESIDENCE,,off-plan,,Y,12,0,16310991,JUMEIRAH VILLAGE CIRCLE,,,,
Fashionz 1 By Danube,,off-plan,,Y,12,0,14410912,JUMEIRAH VILLAGE TRIANGLE,,,,
V1TER Residence,,off-plan,,Y,12,0,13048546,JUMEIRAH VILLAGE CIRCLE,,,,
Altair 52,,off-plan,,Y,12,0,12477235,DUBAI SOUTH,,,,
Tetris Tower,,off-plan,,Y,12,0,12287867,JUMEIRAH VILLAGE CIRCLE,,,,
AURELIA RESIDENCE,,off-plan,,Y,12,0,12190688,DUBAI SPORTS CITY,,,,
Elitz By Danube,,off-plan,,Y,12,0,10733500,JUMEIRAH VILLAGE CIRCLE,,,,
Golden Woods Albab Views,,off-plan,,Y,12,0,9816522,DUBAI SOUTH,,,,
Samana Waves,,off-plan,,Y,12,0,9576423,JUMEIRAH VILLAGE CIRCLE,,,,
TALIA RESIDENCES,,off-plan,,Y,12,0,9372060,AL FURJAN,,,,
Vio Residences,,off-plan,,Y,12,0,6602643,INTERNATIONAL CITY PH 2 & 3,,,,
CASA AHS,,off-plan,,Y,11,0,492462500,DUBAI WATER CANAL,,,,
Viera Residences,,mixed,,Y,11,121,135452355,DUBAI PRODUCTION CITY,,,,
PARK LANE 2 BY HEILBRONN,,mixed,,Y,11,84,112377379,JUMEIRAH VILLAGE CIRCLE,,,,
The Mural,,off-plan,,Y,11,0,100650120,Madinat Dubai Almelaheyah,,,,
CAVALLI CASA TOWER,,off-plan,,Y,11,0,83199986,TECOM SITE A,,,,
Villa del Gavi Residences,,off-plan,,Y,11,0,68870660,PALM DEIRA,,,,
South Bay 3 Premium,,off-plan,,Y,11,0,67885000,Madinat Al Mataar,,,,
THE HIGHBURY,,off-plan,,Y,11,0,37840926,SOBHA HEARTLAND,,,,
SEA LEGEND ONE BY MVS REAL ESTATE,,off-plan,,Y,11,0,37748437,PALM DEIRA,,,,
Arabian Ranches lll - Anya 2,,off-plan,,Y,11,0,37197112,Wadi Al Safa 5,,,,
Greenridge,,off-plan,,Y,11,0,32410626,Madinat Al Mataar,,,,
The Valley - Velora,,off-plan,,Y,11,0,29342116,Al Yufrah 1,,,,
Mackerel Tower,,off-plan,,Y,11,0,25154309,Palm Deira,,,,
Sunbliss Residences by Purvanchal Real Estate Developers,,off-plan,,Y,11,0,23307381,AL FURJAN,,,,
Clearpoint,,off-plan,,Y,11,0,22996543,Madinat Dubai Almelaheyah,,,,
WAHA LIVING by AL YAKKA,,mixed,,Y,11,2,22810930,Al Satwa,,,,
Celeste,,off-plan,,Y,11,0,20985220,JADDAF WATERFRONT,,,,
Elegance by Chaimaa Holding,,mixed,,Y,11,6,19633921,JUMEIRAH VILLAGE CIRCLE,,,,
Odessa,,off-plan,,Y,11,0,18076768,Al Yelayiss 2,,,,
The Willows Residences,,off-plan,,Y,11,0,17367214,Wadi Al Safa 3,,,,
Samana Barari Lagoons,,off-plan,,Y,11,0,15629402,MAJAN,,,,
DAMAC RIVERSIDE VIEWS - MARINE 3,,off-plan,,Y,11,0,15263770,Dubai Investment Park Second,,,,
The Orchard Place,,off-plan,,Y,11,0,13311015,JUMEIRAH VILLAGE CIRCLE,,,,
Legado By Prescott,,off-plan,,Y,11,0,11939440,JUMEIRAH VILLAGE CIRCLE,,,,
Milos By Karma,,off-plan,,Y,11,0,11364402,DUBAI LAND RESIDENCE COMPLEX,,,,
Jade Tower,,off-plan,,Y,11,0,9756927,MAJAN,,,,
Moonsa Residences 2,,off-plan,,Y,11,0,7883337,INTERNATIONAL CITY PH 2 & 3,,,,
Q GARDENS ALIYA,,off-plan,,Y,11,0,7557821,JUMEIRAH VILLAGE CIRCLE,,,,
Astra Residences,DUGASTA PROPERTIES DEVELOPMENT L.L.C,off-plan,Y,Y,11,0,7434341,DUBAI SOUTH,,ACTIVE,10.38,Y
27 East End Garden Residences By Mirha Homes Real Estate Development,,off-plan,,Y,11,0,6237039,INTERNATIONAL CITY PH 2 & 3,,,,
Enara By Omniyat,,off-plan,,Y,10,0,392507850,BUSINESS BAY,,,,
ATHLON BY AL DAR 2,,mixed,,Y,10,26,281121381,Wadi Al Safa 5,,,,
Sobha Seahaven Tower A,,off-plan,,Y,10,0,144259230,Marsa Dubai,,,,
Villa Del Divos Residences,,off-plan,,Y,10,0,82294350,PALM DEIRA,,,,
Beachgate by Address,,off-plan,,Y,10,0,62177864,DUBAI HARBOUR,,,,
Azizi Riviera 68,,mixed,,Y,10,1,61941633,MEYDAN ONE,,,,
Beach Residences Dubai Islands,,off-plan,,Y,10,0,39576258,Palm Deira,,,,
Mudon Al Ranim 8,,off-plan,,Y,10,0,38265000,Al Hebiah Sixth,,,,
Address Residences l Dubai Creek Harbour,,off-plan,,Y,10,0,32935132,Al Khairan First,,,,
Marina Views,,off-plan,,Y,10,0,28601153,Madinat Dubai Almelaheyah,,,,
Avida Residences,SERENE MARINA REAL ESTATE DEVELOPMENT L.L.C,off-plan,Y,Y,10,0,24115996,Palm Deira,,ACTIVE,1.88,Y
DAMAC HILLS - GOLF GREENS 1,,off-plan,,Y,10,0,23536890,DAMAC HILLS,,,,
997 Residences by Reef Luxury Development,,off-plan,,Y,10,0,21814671,Palm Deira,,,,
Terra Heights,,off-plan,,Y,10,0,20454584,DUBAI SOUTH,,,,
BELLE VIE BY ZIMAYA,,off-plan,,Y,10,0,20271350,SILICON OASIS,,,,
Almaara Residences,,off-plan,,Y,10,0,18390903,AL FURJAN,,,,
Binghatti Ghost,,off-plan,,Y,10,0,16979994,Al Jadaf,,,,
REEF 1000,,off-plan,,Y,10,0,16599483,DUBAI LAND RESIDENCE COMPLEX,,,,
South Living,,off-plan,,Y,10,0,16041718,DUBAI SOUTH,,,,
Samana Avenue,,off-plan,,Y,10,0,14594211,DUBAI LAND RESIDENCE COMPLEX,,,,
AURA ELITE,,off-plan,,Y,10,0,14447164,SILICON OASIS,,,,
Sky Suites by Peace Homes,,off-plan,,Y,10,0,11240073,JUMEIRAH VILLAGE CIRCLE,,,,
Samana IVY Gardens 2,,off-plan,,Y,10,0,9990254,DUBAI LAND RESIDENCE COMPLEX,,,,
VIVID TOWER,,off-plan,,Y,10,0,9334900,JUMEIRAH VILLAGE TRIANGLE,,,,
Serene Gardens by Prescott,,off-plan,,Y,10,0,9057000,Jabal Ali First,,,,
THE EIGHTY THREE,,off-plan,,Y,10,0,8792083,DUBAI SOUTH,,,,
MOONSA Residences,,off-plan,,Y,10,0,8695150,INTERNATIONAL CITY PH 2 & 3,,,,
LEVANTO BY ORO24,,off-plan,,Y,10,0,8386275,JUMEIRAH VILLAGE CIRCLE,,,,
Myra Residences,,off-plan,,Y,10,0,8377070,DUBAI SOUTH,,,,
COVE EDITION RESIDENCE 5 by Imtiaz,,off-plan,,Y,10,0,8041123,DUBAI LAND RESIDENCE COMPLEX,,,,
Keturah Resort,,off-plan,,Y,9,0,99150849,Al Jadaf,,,,
Milestone Residences,,mixed,,Y,9,44,57326674,JUMEIRAH VILLAGE TRIANGLE,,,,
South Bay 5 Premium,,off-plan,,Y,9,0,54430000,Madinat Al Mataar,,,,
Aeternitas Tower,,off-plan,,Y,9,0,48075500,DUBAI MARINA,,,,
ELEVATE by Prescott,,mixed,,Y,9,40,46013340,ARJAN,,,,
Anwa Aria by Omniyat,,off-plan,,Y,9,0,39901174,DUBAI MARITIME CITY,,,,
Monarch,,off-plan,,Y,9,0,35068936,MOTOR CITY,,,,
MAR CASA,,off-plan,,Y,9,0,32493872,DUBAI MARITIME CITY,,,,
COTIER HOUSE 1 BY IMTIAZ,,off-plan,,Y,9,0,32155536,Palm Deira,,,,
One.B Tower,,off-plan,,Y,9,0,30887005,Business Bay,,,,
The Pier,,off-plan,,Y,9,0,27018424,DUBAI MARITIME CITY,,,,
Edgewater Residences 2,,off-plan,,Y,9,0,26783582,PALM DEIRA,,,,
Club Place,,off-plan,,Y,9,0,24308992,Hadaeq Sheikh Mohammed Bin Rashid,,,,
LIORA,JAIEDCO REAL ESTATE DEVELOPMENT L.L.C,off-plan,Y,Y,9,0,22373300,Palm Deira,,ACTIVE,0,Y
WHITECLIFFS RESIDENCES,,off-plan,,Y,9,0,20559856,PALM DEIRA,,,,
Ocean Tower,,off-plan,,Y,9,0,19854637,Palm Deira,,,,
Hillside Residences 1,,off-plan,,Y,9,0,19716250,Jabal Ali First,,,,
La Vue Parc,,off-plan,,Y,9,0,18428030,NAD AL SHEBA GARDENS,,,,
Vedaire Residences,,off-plan,,Y,9,0,17522775,Nad Al Shiba First,,,,
SAMANA SKYROS,,off-plan,,Y,9,0,16140759,ARJAN,,,,
Olivia Gardens Residence,,off-plan,,Y,9,0,15481888,Al Satwa,,,,
DAMAC LAGOONS - LAGOON VIEWS 11,,off-plan,,Y,9,0,14888970,Al Hebiah Fifth,,,,
The Grandala,,off-plan,,Y,9,0,14707480,Al Satwa,,,,
Lana on the Park,,off-plan,,Y,9,0,13641552,Al Yelayiss 2,,,,
Verdana (Phase 1),,off-plan,,Y,9,0,12912128,Dubai Investment Park First,,,,
The Weave,THE WEAVE REAL ESTATE DEVELOPMENT L.L.C,off-plan,Y,Y,9,0,12688207,JUMEIRAH VILLAGE CIRCLE,,ACTIVE,4.8,Y
Trinity By Karma,,off-plan,,Y,9,0,12421606,ARJAN,,,,
VEGA,,off-plan,,Y,9,0,12280258,DUBAI SPORTS CITY,,,,
Timber Terrace,,off-plan,,Y,9,0,12272000,DUBAI SOUTH,,,,
Cello Residences,,off-plan,,Y,9,0,11806960,JUMEIRAH VILLAGE CIRCLE,,,,
AMETHYST BY SIROYA,,off-plan,,Y,9,0,11787290,MAJAN,,,,
Dalmore Tower,,off-plan,,Y,9,0,11598160,DUBAI LAND RESIDENCE COMPLEX,,,,
MYRA ONYX,,off-plan,,Y,9,0,10410000,Nad Al Hamar,,,,
Luxur Tower By Imtiaz,,off-plan,,Y,9,0,10170000,JUMEIRAH VILLAGE CIRCLE,,,,
ALBA TOWER,,off-plan,,Y,9,0,9656066,Al Satwa,,,,
Views VII by Golden Woods,,off-plan,,Y,9,0,9627799,DUBAI SOUTH,,,,
HAVELOCK RESIDENCES,,off-plan,,Y,9,0,9599700,Jabal Ali First,,,,
Q Gardens Lofts,,off-plan,,Y,9,0,9236424,JUMEIRAH VILLAGE CIRCLE,,,,
Lincoln Star Residence,,off-plan,,Y,9,0,8906967,DUBAI SOUTH,,,,
AZIZI VENICE 1,,off-plan,,Y,9,0,7973260,Madinat Al Mataar,,,,
Time 3,,off-plan,,Y,9,0,7794660,DUBAI LAND RESIDENCE COMPLEX,,,,
Elitz 2 By Danube,,off-plan,,Y,9,0,6633275,JUMEIRAH VILLAGE CIRCLE,,,,
Cavendish Square,,off-plan,,Y,9,0,6538593,JUMEIRAH VILLAGE TRIANGLE,,,,
GUZEL TOWERS,,off-plan,,Y,9,0,6081665,JUMEIRAH VILLAGE TRIANGLE,,,,
Celestara Residences,,off-plan,,Y,9,0,5850330,JUMEIRAH VILLAGE CIRCLE,,,,
Linden Residences,,off-plan,,Y,9,0,4823616,INTERNATIONAL CITY PH 2 & 3,,,,
Knightsbridge Park 2,,off-plan,,Y,8,0,105129011,Wadi Al Safa 3,,,,
ELLINGTON HOUSE II,,mixed,,Y,8,29,99484578,DUBAI HILLS,,,,
"Residences Du Port, Dubai Marina, Autograph Collection Residences",,off-plan,,Y,8,0,51466216,DUBAI MARINA,,,,
ِِAzizi Riviera 60,,mixed,,Y,8,1,40527518,MEYDAN ONE,,,,
Naya at District One,,off-plan,,Y,8,0,30323000,Al Merkadh,,,,
Fern,,off-plan,,Y,8,0,29220004,Al Wasl,,,,
Vue Doree,,off-plan,,Y,8,0,26037492,Palm Deira,,,,
Expo City Sidr Residences,,off-plan,,Y,8,0,24786329,Madinat Al Mataar,,,,
Expo City Al Waha Residences 01,,off-plan,,Y,8,0,23965000,Madinat Al Mataar,,,,
Coral by Vision,,mixed,,Y,8,5,22207378,Al Satwa,,,,
HARBOUR LIGHTS,,off-plan,,Y,8,0,21094966,DUBAI MARITIME CITY,,,,
Saddlewood Park,,off-plan,,Y,8,0,20246750,MEYDAN AVENUE,,,,
SUNSET BAY FOUR BY IMTIAZ,,off-plan,,Y,8,0,20196672,Palm Deira,,,,
ARAS HEIGHTS,,mixed,,Y,8,10,20001000,MAJAN,,,,
Society House Downtown Dubai,,off-plan,,Y,8,0,19915338,BURJ KHALIFA,,,,
CANAL CROWN 2,,off-plan,,Y,8,0,19513013,BUSINESS BAY,,,,
VENTO TOWER,,off-plan,,Y,8,0,18609216,BUSINESS BAY,,,,
VISTARA HOUSE,,off-plan,,Y,8,0,17757575,AL FURJAN,,,,
Franck muller Vanguard,,off-plan,,Y,8,0,17236905,TECOM SITE D,,,,
Oceanz 1 By Danube,,off-plan,,Y,8,0,16570520,DUBAI MARITIME CITY,,,,
GREYGATE RESIDENCES by ADE,,off-plan,,Y,8,0,15050552,JUMEIRAH VILLAGE CIRCLE,,,,
161 Jumeirah Lane,,off-plan,,Y,8,0,15014783,Al Satwa,,,,
Berkshire Park,,off-plan,,Y,8,0,13971104,Al Yelayiss 2,,,,
THE HAVEN GARDEN,,mixed,,Y,8,1,13908101,JUMEIRAH VILLAGE CIRCLE,,,,
Augusta,,off-plan,,Y,8,0,13817104,Al Yelayiss 2,,,,
GHARBI II RESIDENCES,,off-plan,,Y,8,0,13173820,JUMEIRAH VILLAGE CIRCLE,,,,
Verdana 5,,off-plan,,Y,8,0,12548000,DUBAI INVESTMENT PARK FIRST,,,,
ELBRUS TOWER,,off-plan,,Y,8,0,11404730,JUMEIRAH VILLAGE TRIANGLE,,,,
Luminar Tower 3,,off-plan,,Y,8,0,11307331,JUMEIRAH VILLAGE TRIANGLE,,,,
FH Residency,,off-plan,,Y,8,0,10718278,JUMEIRAH VILLAGE TRIANGLE,,,,
South Garden C,,off-plan,,Y,8,0,10586400,Jabal Ali First,,,,
Samana Barari Views 2,,off-plan,,Y,8,0,10342908,MAJAN,,,,
ORA,,off-plan,,Y,8,0,9677328,Al Yelayiss 2,,,,
Vivanti Residences by Meteora,,off-plan,,Y,8,0,9604000,JUMEIRAH VILLAGE CIRCLE,,,,
VITALITY RESIDENCE,,off-plan,,Y,8,0,9556844,JUMEIRAH VILLAGE CIRCLE,,,,
105 Residences by Kamdar,,off-plan,,Y,8,0,8625500,JUMEIRAH VILLAGE CIRCLE,,,,
SPORTS VIEW RESIDENCE BY AL HELAL AL ZAHABY,,off-plan,,Y,8,0,7246355,INTERNATIONAL CITY PH 2 & 3,,,,
PIER 8,,off-plan,,Y,8,0,6910600,DUBAI MARINA,,,,
Time 2,,off-plan,,Y,8,0,6110000,DUBAI LAND RESIDENCE COMPLEX,,,,
Weybridge Gardens,,off-plan,,Y,8,0,5244274,DUBAI LAND RESIDENCE COMPLEX,,,,
Como Residences,,off-plan,,Y,7,0,371462000,PALM JUMEIRAH,,,,
Karl Lagerfeld Villas By Taraf,,off-plan,,Y,7,0,231342400,Wadi Al Safa 3,,,,
Wellington Grand Villas,,mixed,,Y,7,1,142420582,Wadi Al Safa 3,,,,
Alfal Residences,,mixed,,Y,7,1,127833824,JUMEIRAH VILLAGE CIRCLE,,,,
Nad AL Sheba Gardens Phase 4,,mixed,,Y,7,2,66649999,Nad Al Shiba First,,,,
Nad Al Sheba Gardens Phase 3,,mixed,,Y,7,2,65126325,Nad Al Shiba First,,,,
Crystal Tower,V H S REAL ESTATE DEVELOPMENTS L.L.C,mixed,Y,Y,7,16,42968386,BUSINESS BAY,,ACTIVE,0,Y
The Valley - Avena,,off-plan,,Y,7,0,29844735,Al Yufrah 1,,,,
Castleton,,off-plan,,Y,7,0,28061000,CITY WALK,,,,
DESIGN QUARTER,,off-plan,,Y,7,0,27432001,DUBAI DESIGN DISTRICT,,,,
The Valley - Elva,,off-plan,,Y,7,0,24515208,Al Yufrah 1,,,,
"Marbella Resort Hotel, a Vignette Collection world Islands Dubai",,off-plan,,Y,7,0,22589712,THE WORLD,,,,
Iluka Residences,,off-plan,,Y,7,0,21854735,Palm Deira,,,,
DAMAC RIVERSIDE - IVY,,off-plan,,Y,7,0,21712680,Dubai Investment Park Second,,,,
Greenway 2,,off-plan,,Y,7,0,21458216,Madinat Al Mataar,,,,
Cotier House 2 By Imtiaz,,off-plan,,Y,7,0,19428279,Palm Deira,,,,
Ayamore Residence,,off-plan,,Y,7,0,17799000,Palm Deira,,,,
Luzora Residences,,off-plan,,Y,7,0,16467852,Palm Deira,,,,
Wellington Ocean by ANK Motiwala Developments,,off-plan,,Y,7,0,16360263,Palm Deira,,,,
Floarea Breeze,MASHRIQ ELITE REAL ESTATE DEVELOPMENT L.L.C,off-plan,Y,Y,7,0,16213660,Palm Deira,,ACTIVE,0,Y
NAUTIS RESIDENCES,,off-plan,,Y,7,0,16171340,Palm Deira,,,,
Capital Horizon Terraces,,off-plan,,Y,7,0,16120472,Palm Deira,,,,
Aura Central,,off-plan,,Y,7,0,15944839,ARJAN,,,,
Viewz 1 By Danube,,off-plan,,Y,7,0,14996200,JUMEIRAH LAKES TOWERS,,,,
Queen's Garden,,off-plan,,Y,7,0,14934080,NAD AL SHEBA GARDENS,,,,
Gharbi I Residences,,off-plan,,Y,7,0,14082000,ARJAN,,,,
Nautica One,,off-plan,,Y,7,0,13774016,DUBAI MARITIME CITY,,,,
CLAYDON HOUSE BY ELLINGTON,,off-plan,,Y,7,0,13100165,HORIZON,,,,
Firoza,,off-plan,,Y,7,0,12304290,Palm Deira,,,,
Longfor International Center,STAR LANG REAL ESTATE DEVELOPMENT L.L.C,off-plan,Y,Y,7,0,10789971,Warsan First,,ACTIVE,0,Y
ZaZEN Ivy,,off-plan,,Y,7,0,9900112,AL FURJAN,,,,
Enaya Residences,,off-plan,,Y,7,0,9880817,JUMEIRAH VILLAGE TRIANGLE,,,,
Kingdom Gate,,off-plan,,Y,7,0,9464916,AL FURJAN,,,,
Electra,,off-plan,,Y,7,0,9446023,JUMEIRAH VILLAGE CIRCLE,,,,
Blossom 40,TRANQUIL INFRA DEVELOPERS L.L.C,off-plan,Y,Y,7,0,9159700,Wadi Al Safa 3,,ACTIVE,0,Y
Sapphire 32 by Dar Alkarama,,off-plan,,Y,7,0,8548858,JUMEIRAH VILLAGE CIRCLE,,,,
Empire Livings,,off-plan,,Y,7,0,8414074,DUBAI SCIENCE PARK,,,,
Kaya,,off-plan,,Y,7,0,8131888,Al Yelayiss 2,,,,
All Seasons Residence,,off-plan,,Y,7,0,8117000,DUBAI SPORTS CITY,,,,
Olivia Residences,,off-plan,,Y,7,0,7764080,DUBAI INVESTMENT PARK FIRST,,,,
J-Haus Residences,,off-plan,,Y,7,0,7558450,JUMEIRAH VILLAGE CIRCLE,,,,
Samana Barari Views,,off-plan,,Y,7,0,7184375,MAJAN,,,,
Golf Vista Heights,,mixed,,Y,7,2,7061794,DUBAI SPORTS CITY,,,,
ONE PARK CENTRAL BY IMAN,,off-plan,,Y,7,0,6194454,JUMEIRAH VILLAGE CIRCLE,,,,
Samana Hills South,,off-plan,,Y,7,0,5852078,DUBAI INDUSTRIAL CITY,,,,
Oasis Loft,,off-plan,,Y,7,0,5545096,SILICON OASIS,,,,
AG 7EVEN,,off-plan,,Y,7,0,4993023,DUBAI LAND RESIDENCE COMPLEX,,,,
ELANO BY ORO24,,off-plan,,Y,7,0,4103550,ARJAN,,,,
The Alba Residences by Omniyat,,off-plan,,Y,6,0,451699388,PALM JUMEIRAH,,,,
Vela Viento by Omniyat,,off-plan,,Y,6,0,129493413,BUSINESS BAY,,,,
Verve City Walk,,off-plan,,Y,6,0,44368500,Al Wasl,,,,
The Valley - Elora,,mixed,,Y,6,6,31028245,Al Yufrah 1,,,,
ME DO RE Business,,off-plan,,Y,6,0,30944000,JUMEIRAH LAKES TOWERS,,,,
South Bay 2,,off-plan,,Y,6,0,28060090,Madinat Al Mataar,,,,
AZHA DOWNTOWN RESIDENCES,,off-plan,,Y,6,0,27042009,BURJ KHALIFA,,,,
EXQUISITE LIVING RESIDENCES,,off-plan,,Y,6,0,21777640,BURJ KHALIFA,,,,
Aba Lux Living,,off-plan,,Y,6,0,20627309,DUBAI MARINA,,,,
Palace Residences Creek Blue,,off-plan,,Y,6,0,20133384,Al Khairan First,,,,
ELLINGTON HOUSE IV,,off-plan,,Y,6,0,18140834,DUBAI HILLS,,,,
Sunset Bay Two By Imtiaz,,off-plan,,Y,6,0,16684290,Palm Deira,,,,
THE HEART OF EUROPE 2,,mixed,,Y,6,4,14771018,THE WORLD,,,,
Golf Verge,,off-plan,,Y,6,0,14573328,Madinat Al Mataar,,,,
Bayline,,off-plan,,Y,6,0,14127776,Madinat Dubai Almelaheyah,,,,
Vida Residences Dubai Hills Estate,,off-plan,,Y,6,0,13685587,Hadaeq Sheikh Mohammed Bin Rashid,,,,
Celeste Heights by Zimaya Properties,,off-plan,,Y,6,0,13002788,AL FURJAN,,,,
Altus,,off-plan,,Y,6,0,12108512,Al Khairan First,,,,
Golden Wood Views 5,,off-plan,,Y,6,0,11429178,JUMEIRAH VILLAGE CIRCLE,,,,
ONE PARK SQUARE BY IMAN,,off-plan,,Y,6,0,10871461,JUMEIRAH VILLAGE CIRCLE,,,,
The Baltimore,,off-plan,,Y,6,0,10848328,Al Yelayiss 2,,,,
Woodland Crest,,off-plan,,Y,6,0,10364962,Nad Al Shiba First,,,,
MAYFAIR GARDENS BY MAJID,,off-plan,,Y,6,0,9628256,Al Satwa,,,,
Violet Tower,,off-plan,,Y,6,0,9372114,JUMEIRAH VILLAGE CIRCLE,,,,
The Stella Residences,,off-plan,,Y,6,0,8409742,AL FURJAN,,,,
Vincitore Dolce Vita,,off-plan,,Y,6,0,7983100,ARJAN,,,,
Bling Avenue 1,,off-plan,,Y,6,0,7830428,DUBAI SOUTH,,,,
DAMAC HILLS (2) - ELO,,off-plan,,Y,6,0,7175000,Madinat Hind 4,,,,
99 PARK PLACE,,off-plan,,Y,6,0,6712178,JUMEIRAH VILLAGE CIRCLE,,,,
Ozone 1 Residence,,off-plan,,Y,6,0,6271701,JUMEIRAH VILLAGE CIRCLE,,,,
Mangrove 2,,off-plan,,Y,6,0,6013296,MAJAN,,,,
Vincitore Volare,,off-plan,,Y,6,0,5855280,ARJAN,,,,
Ashwood Residences by Skyland Horizons Real Estate Development,,off-plan,,Y,6,0,5480456,JUMEIRAH VILLAGE TRIANGLE,,,,
Cove Edition Residence 2 By Imtiaz,,off-plan,,Y,6,0,5085455,DUBAI LAND RESIDENCE COMPLEX,,,,
Samana Santorini,,off-plan,,Y,6,0,4627430,DUBAI STUDIO CITY,,,,
Beverly Residence 2,,off-plan,,Y,6,0,4319375,JUMEIRAH VILLAGE CIRCLE,,,,
ALTAI TOWER,,off-plan,,Y,6,0,3823390,JUMEIRAH VILLAGE TRIANGLE,,,,
ZAYA ZUHA ISLAND,,off-plan,,Y,5,0,782725000,THE WORLD,,,,
CASA CANAL,,off-plan,,Y,5,0,221450006,DUBAI WATER CANAL,,,,
Nad Al Sheba Gardens Phase 8 & 9,,mixed,,Y,5,13,217348000,Nad Al Shiba First,,,,
Mira Villas designed by Bentley Home,,off-plan,,Y,5,0,167607000,Wadi Al Safa 3,,,,
"Six Senses Residences The Palm, Dubai",,off-plan,,Y,5,0,141350000,PALM JUMEIRAH,,,,
Muraba Veil,,off-plan,,Y,5,0,126316457,DUBAI WATER CANAL,,,,
Waada- Raiha,,mixed,,Y,5,9,77569000,Madinat Al Mataar,,,,
Six Senses Residences Dubai Marina,,off-plan,,Y,5,0,67729851,DUBAI MARINA,,,,
AURA ELEGANCE,,mixed,,Y,5,33,46247096,SILICON OASIS,,,,
Nad Al Sheba Gardens Phase 5,,mixed,,Y,5,1,41425000,Nad Al Shiba First,,,,
Olaia Residences,,off-plan,,Y,5,0,27958373,Palm Jumeirah,,,,
HATIMI RESIDENCES BY FAKHRUDDIN,,off-plan,,Y,5,0,25200000,Palm Deira,,,,
Cresswell Residences,,mixed,,Y,5,12,22739639,DUBAI SOUTH,,,,
ELARA,,off-plan,,Y,5,0,18370028,Um Suqaim Third,,,,
ISOLANA RESIDENCES,,off-plan,,Y,5,0,16401843,Palm Deira,,,,
ARBOR VIEW,,mixed,,Y,5,5,15704484,ARJAN,,,,
Natuzzi Harmony Residences by Peace Homes,,off-plan,,Y,5,0,15406738,Palm Deira,,,,
City Walk Northline 2,,off-plan,,Y,5,0,15126000,Al Wasl,,,,
EQUITI GARDEN,,off-plan,,Y,5,0,14259132,AL FURJAN,,,,
ARLO,,off-plan,,Y,5,0,14039552,DUBAI CREEK HARBOUR,,,,
Mallside Residence,,off-plan,,Y,5,0,13932910,Hadaeq Sheikh Mohammed Bin Rashid,,,,
ELLINGTON HOUSE III,,off-plan,,Y,5,0,12910000,DUBAI HILLS,,,,
Sea View Residence By Sama Mayas,,off-plan,,Y,5,0,11518750,Palm Deira,,,,
Serra,,off-plan,,Y,5,0,11052014,Wadi Al Safa 4,,,,
Golf Meadow,,off-plan,,Y,5,0,10943440,Madinat Al Mataar,,,,
Helvetia Marine,D H G PROPERTY DEVELOPMENT L.L.C,off-plan,Y,Y,5,0,10512700,Palm Deira,,ACTIVE,0,Y
Hillside Residences 3,,off-plan,,Y,5,0,10312000,Jabal Ali First,,,,
Hillcrest,,off-plan,,Y,5,0,9687440,Al Yelayiss 2,,,,
Lacina,,off-plan,,Y,5,0,9067800,Wadi Al Safa 4,,,,
Pristine By Zoya,,off-plan,,Y,5,0,8870600,AL FURJAN,,,,
DAMAC LAGOONS - LAGOON VIEWS 12,,off-plan,,Y,5,0,8836000,Al Hebiah Fifth,,,,
LUCKY ROYALE RESIDENCE,,off-plan,,Y,5,0,7978449,JUMEIRAH VILLAGE CIRCLE,,,,
DGM Vision,,off-plan,,Y,5,0,7854954,Al Satwa,,,,
Marquis Insignia,,off-plan,,Y,5,0,7769965,ARJAN,,,,
THE AUTOGRAPH-S SERIES,,off-plan,,Y,5,0,7765070,JUMEIRAH VILLAGE CIRCLE,,,,
DEANSGATE by ADE,,mixed,,Y,5,4,7729969,MAJAN,,,,
Haya on the Park,,off-plan,,Y,5,0,7149552,Al Yelayiss 2,,,,
Luminar Tower 2,,off-plan,,Y,5,0,6957260,JUMEIRAH VILLAGE TRIANGLE,,,,
ETHAN,,off-plan,,Y,5,0,6873340,NAD AL SHEBA GARDENS,,,,
Pearl House III by Imtiaz,,mixed,,Y,5,4,6497791,JUMEIRAH VILLAGE CIRCLE,,,,
Verdana 2,,off-plan,,Y,5,0,6310570,Dubai Investment Park First,,,,
TARAF 3 RESIDENCE,,off-plan,,Y,5,0,6105166,JUMEIRAH VILLAGE CIRCLE,,,,
THE PORTMAN,,off-plan,,Y,5,0,5962296,JUMEIRAH VILLAGE CIRCLE,,,,
Fairway Residences By Prescott,,off-plan,,Y,5,0,5761000,DUBAI SPORTS CITY,,,,
Casa Aura Residence,,off-plan,,Y,5,0,5250903,DUBAI SOUTH,,,,
La Boutique,,off-plan,,Y,5,0,5136201,JADDAF WATERFRONT,,,,
VERDANIA 2,,off-plan,,Y,5,0,5044250,DUBAI LAND RESIDENCE COMPLEX,,,,
Floarea Vista,,off-plan,,Y,5,0,4975000,Jabal Ali First,,,,
Verano By Prescott,,off-plan,,Y,5,0,4835050,DUBAI STUDIO CITY,,,,
Serene Gardens 2 by Prescott,,off-plan,,Y,5,0,4825000,Jabal Ali First,,,,
Samana Lake Views,,off-plan,,Y,5,0,4664281,DUBAI PRODUCTION CITY,,,,
Marquis Vista,,off-plan,,Y,5,0,4574963,DUBAI LAND RESIDENCE COMPLEX,,,,
Cove Edition Residence 1 By Imtiaz,,off-plan,,Y,5,0,4456526,DUBAI LAND RESIDENCE COMPLEX,,,,
AG 9INE,,off-plan,,Y,5,0,4373296,DUBAI LAND RESIDENCE COMPLEX,,,,
Lucky Oasis Residence,,off-plan,,Y,5,0,4368697,JUMEIRAH VILLAGE CIRCLE,,,,
Zyra Vista Residences,,off-plan,,Y,5,0,4326030,Warsan Fourth,,,,
ARYENE GREENS,,off-plan,,Y,5,0,4027000,ARJAN,,,,
Golf Grove by Regent,,off-plan,,Y,5,0,3989915,DUBAI PRODUCTION CITY,,,,
Oasiz 1 by Danube,,off-plan,,Y,5,0,3886777,SILICON OASIS,,,,
Samana Mykonos,,off-plan,,Y,5,0,3180219,DUBAI STUDIO CITY,,,,
Verdana Residence,,off-plan,,Y,5,0,2688403,Dubai Investment Park First,,,,
AMALI ISLAND,,off-plan,,Y,4,0,414319537,THE WORLD,,,,
Peninsula Dubai Residences - Tower 2,,off-plan,,Y,4,0,310944026,Jumeirah Second,,,,
"Mohammed Bin Rashid Al Maktoum City, District 11- Opal Gardens",,mixed,,Y,4,18,203287817,Wadi Al Safa 3,,,,
Mercedes-Benz Places | Binghatti,,off-plan,,Y,4,0,118495999,BURJ KHALIFA,,,,
OCEAN HOUSE,,off-plan,,Y,4,0,94224170,PALM JUMEIRAH,,,,
CAVALLI COUTURE,,off-plan,,Y,4,0,86314215,DUBAI WATER CANAL,,,,
Bay Residences Dubai Islands,,mixed,,Y,4,1,50677605,Palm Deira,,,,
Keturah Reserve,,off-plan,,Y,4,0,33914000,Hadaeq Sheikh Mohammed Bin Rashid,,,,
LIV LUX,,off-plan,,Y,4,0,32254548,DUBAI MARINA,,,,
Palm Beach Towers - 2,,off-plan,,Y,4,0,31183800,PALM JUMEIRAH,,,,
PG ONE AT AL FURJAN,,mixed,,Y,4,26,30011274,AL FURJAN,,,,
VILLA DEL BRUNELLO RESIDENCES,,off-plan,,Y,4,0,27965000,PALM DEIRA,,,,
STONEHENGE RESIDENCES 2,,mixed,,Y,4,21,23889500,JUMEIRAH VILLAGE CIRCLE,,,,
Expo City Valley,,off-plan,,Y,4,0,19930000,Madinat Al Mataar,,,,
Signature Lifestyle Residences,,off-plan,,Y,4,0,18242000,JUMEIRAH LAKES TOWERS,,,,
Esme' Beach Residences,,off-plan,,Y,4,0,17150000,PALM DEIRA,,,,
Palm Beach Towers -3,,off-plan,,Y,4,0,15342608,PALM JUMEIRAH,,,,
South Bay 1,,off-plan,,Y,4,0,14200758,Madinat Al Mataar,,,,
THE QUAYSIDE,,off-plan,,Y,4,0,13997326,BUSINESS BAY,,,,
Beach Walk Grand By Imtiaz,,off-plan,,Y,4,0,13351206,PALM DEIRA,,,,
Greenway,,off-plan,,Y,4,0,13286664,Madinat Al Mataar,,,,
Royal Yacht Club Residence,,off-plan,,Y,4,0,12384012,Palm Deira,,,,
API- Barsha Residential Tower,,off-plan,,Y,4,0,12317620,Al Barsha First,,,,
Ocean Star,,off-plan,,Y,4,0,11387924,Madinat Dubai Almelaheyah,,,,
South Park Residences 2 By Wellington,,off-plan,,Y,4,0,10250000,DUBAI INDUSTRIAL CITY,,,,
ELEGANCE TOWER,,off-plan,,Y,4,0,10210248,BURJ KHALIFA,,,,
Peninsula Two,,mixed,,Y,4,2,10200000,BUSINESS BAY,,,,
Solcasa Residence,,off-plan,,Y,4,0,10115000,NAD AL SHEBA GARDENS,,,,
Bonds Avenue Residences,,off-plan,,Y,4,0,10016174,Palm Deira,,,,
MARINA 101,,mixed,,Y,4,6,9186510,DUBAI MARINA,,,,
Evora Residences,,off-plan,,Y,4,0,9174108,AL FURJAN,,,,
Oria,,off-plan,,Y,4,0,8699532,Al Khairan First,,,,
Rome by SD,,off-plan,,Y,4,0,8270432,Wadi Al Safa 3,,,,
Marina Place 2,,off-plan,,Y,4,0,8242807,Madinat Dubai Almelaheyah,,,,
CREEK VIEWS,,off-plan,,Y,4,0,7650009,JADDAF WATERFRONT,,,,
PELaGOS By IGO,,off-plan,,Y,4,0,7631912,DUBAI MARINA,,,,
Rome 2 by SD,,off-plan,,Y,4,0,7593245,Wadi Al Safa 3,,,,
Ocean Cove,,off-plan,,Y,4,0,7487664,Madinat Dubai Almelaheyah,,,,
BURJ PACIFIC,,off-plan,,Y,4,0,7431700,BUSINESS BAY,,,,
La Cle by Maaia Developers,,off-plan,,Y,4,0,7340980,AL FURJAN,,,,
Verdana(Phase 2),,off-plan,,Y,4,0,7023008,Dubai Investment Park First,,,,
Savannah,,off-plan,,Y,4,0,6277664,Al Yelayiss 2,,,,
AVENUE RESIDENCE 6,,off-plan,,Y,4,0,6195508,AL FURJAN,,,,
STAMN YUNI,,off-plan,,Y,4,0,5982976,Al Satwa,,,,
Ellison,,off-plan,,Y,4,0,5901552,Al Yelayiss 2,,,,
Samana Golf Views,,off-plan,,Y,4,0,5633160,DUBAI SPORTS CITY,,,,
Terrazzo Residences,,off-plan,,Y,4,0,5300004,JUMEIRAH VILLAGE CIRCLE,,,,
Derby Heights,A M I S SIGNATURE DEVELOPMENT L.L.C,off-plan,Y,Y,4,0,5025394,Wadi Al Safa 3,,ACTIVE,0,Y
lridian Park 1,,off-plan,,Y,4,0,4917751,JUMEIRAH VILLAGE CIRCLE,,,,
SAMANA MYKONOS SIGNATURE,,off-plan,,Y,4,0,4698859,ARJAN,,,,
COURTYARD ONE,,off-plan,,Y,4,0,4677193,DUBAI SOUTH,,,,
Hammock Park,,off-plan,,Y,4,0,4670274,Jabal Ali First,,,,
Azizi Leily,AZIZI DEVELOPMENTS L.L.C,off-plan,Y,Y,4,0,4585470,SAMA AL JADAF,,ACTIVE,2,Y
THE WIND TOWER II,,off-plan,,Y,4,0,4580000,JUMEIRAH LAKES TOWERS,,,,
FIA,,off-plan,,Y,4,0,4334776,Al Yelayiss 2,,,,
AG ARK TOWER,,off-plan,,Y,4,0,3983347,DUBAI LAND RESIDENCE COMPLEX,,,,
DAMAC HILLS (2) - EVERGREENS,,off-plan,,Y,4,0,3732000,Madinat Hind 4,,,,
08 Life Residences,,off-plan,,Y,4,0,3725203,INTERNATIONAL CITY PH 2 & 3,,,,
Cove Edition Residence 4 By Imtiaz,,off-plan,,Y,4,0,3288556,DUBAI LAND RESIDENCE COMPLEX,,,,
KYOTO BY ORO24,,off-plan,,Y,4,0,3263450,ARJAN,,,,
Coventry Gardens,,off-plan,,Y,4,0,2893801,DUBAI LAND RESIDENCE COMPLEX,,,,
Enqlave By Aqasa,,off-plan,,Y,4,0,2532000,Jabal Ali First,,,,
Lusin Residences by Ermax Development,,off-plan,,Y,4,0,2237195,INTERNATIONAL CITY PH 1,,,,
Mudon Al Ranim 4,,mixed,,Y,3,61,197736529,Al Hebiah Sixth,,,,
Sobha Reserve,,mixed,,Y,3,13,156692619,Wadi Al Safa 2,,,,
ONE CANAL,,off-plan,,Y,3,0,116939950,DUBAI WATER CANAL,,,,
Bugatti Residences by Binghatti,,off-plan,,Y,3,0,113599999,BUSINESS BAY,,,,
Nad Al Sheba Gardens Phase 7,,mixed,,Y,3,3,57831180,Nad Al Shiba First,,,,
Paradise Hills,,mixed,,Y,3,3,44800000,DUBAI GOLF CITY,,,,
Atelis at d3,,off-plan,,Y,3,0,43563000,Zaabeel Second,,,,
Golf Lane,,mixed,,Y,3,2,24156683,Madinat Al Mataar,,,,
Bay Grove Residences D - Dubai Islands,,off-plan,,Y,3,0,21751039,Palm Deira,,,,
The Roof Residence,,mixed,,Y,3,6,14045552,NAD AL SHEBA GARDENS,,,,
Hayat 3,DUBAI SOUTH PROPERTIES DWC LLC,off-plan,Y,Y,3,0,12648380,Madinat Al Mataar,,ACTIVE,0,Y
RA1N Residence,,mixed,,Y,3,7,11846982,JUMEIRAH VILLAGE CIRCLE,,,,
The Valley - Rivera,,off-plan,,Y,3,0,11654783,Al Yufrah 1,,,,
City Walk Crestlane 3,,off-plan,,Y,3,0,11464642,Al Wasl,,,,
Marina Place 1,,off-plan,,Y,3,0,9490003,Madinat Dubai Almelaheyah,,,,
DAMAC RIVERSIDE - SAGE,,off-plan,,Y,3,0,9448000,Dubai Investment Park Second,,,,
VALO,,off-plan,,Y,3,0,8929493,Al Khairan First,,,,
The Valley - Velora 2,,off-plan,,Y,3,0,8700936,Al Yufrah 1,,,,
Bay Grove Residences C - Dubai Islands,,off-plan,,Y,3,0,8074500,Palm Deira,,,,
SUNSET BAY THREE BY IMTIAZ,,off-plan,,Y,3,0,7576246,Palm Deira,,,,
AARK RESIDENCES,,mixed,,Y,3,3,7058000,DUBAI LAND RESIDENCE COMPLEX,,,,
ME DO RE 2,,off-plan,,Y,3,0,7017000,JUMEIRAH LAKES TOWERS,,,,
Vida Residences Club Point,,off-plan,,Y,3,0,6797664,Hadaeq Sheikh Mohammed Bin Rashid,,,,
Saria,,off-plan,,Y,3,0,6756642,DUBAI MARITIME CITY,,,,
Haven Bay Residences,,off-plan,,Y,3,0,6044880,Palm Deira,,,,
Azura Residences,,off-plan,,Y,3,0,5645000,PALM DEIRA,,,,
Ashton Park Residences,,mixed,,Y,3,5,5561804,JUMEIRAH VILLAGE CIRCLE,,,,
Kaia,,off-plan,,Y,3,0,5499720,Palm Deira,,,,
PG Maison,,off-plan,,Y,3,0,5430000,AL FURJAN,,,,
Jardin Astral,,off-plan,,Y,3,0,5356000,Al Satwa,,,,
BELMONT RESIDENCES,,off-plan,,Y,3,0,5350000,JUMEIRAH VILLAGE TRIANGLE,,,,
Hillside Residences 2,,off-plan,,Y,3,0,5075000,Jabal Ali First,,,,
Beachfront Gates 2,,off-plan,,Y,3,0,4364028,Madinat Al Mataar,,,,
Coastal Haven by Prestige Harbour Real Estate Development,,off-plan,,Y,3,0,4256955,PALM DEIRA,,,,
Trafford Residence,,off-plan,,Y,3,0,4164620,DUBAI SOUTH,,,,
Nexara Tower,,off-plan,,Y,3,0,3899869,JUMEIRAH VILLAGE CIRCLE,,,,
Woodland Terraces,,off-plan,,Y,3,0,3807829,Wadi Al Safa 3,,,,
WINNER TOWER,,off-plan,,Y,3,0,3592285,JUMEIRAH VILLAGE TRIANGLE,,,,
Purvanchal Triana Residences,,off-plan,,Y,3,0,3553390,Al Satwa,,,,
Manhattan 1 by SD,,off-plan,,Y,3,0,3182689,JUMEIRAH VILLAGE CIRCLE,,,,
MIAMI BY SD,,off-plan,,Y,3,0,3082771,JUMEIRAH VILLAGE TRIANGLE,,,,
Sky Livings by Peace Homes,,off-plan,,Y,3,0,2758209,JUMEIRAH VILLAGE CIRCLE,,,,
7 PARK CENTRAL BY METEORA,,off-plan,,Y,3,0,2732000,JUMEIRAH VILLAGE CIRCLE,,,,
LILIUM TOWER,,off-plan,,Y,3,0,2714800,JUMEIRAH VILLAGE TRIANGLE,,,,
EDEN GARDEN,,off-plan,,Y,3,0,2130000,DUBAI SPORTS CITY,,,,
Floarea  Grande,,off-plan,,Y,3,0,2124150,ARJAN,,,,
Cove Edition Residence 3 By Imtiaz,,off-plan,,Y,3,0,1981379,DUBAI LAND RESIDENCE COMPLEX,,,,
EOME,,mixed,,Y,2,3,755000000,PALM JUMEIRAH,,,,
Armani Beach Residences At Palm Jumeirah,,off-plan,,Y,2,0,141460000,PALM JUMEIRAH,,,,
ORLA BY OMNIYAT,,off-plan,,Y,2,0,95948345,PALM JUMEIRAH,,,,
AVA AT PALM JUMEIRAH BY OMNIYAT,,off-plan,,Y,2,0,92032748,PALM JUMEIRAH,,,,
VELA by OMNIYAT,,off-plan,,Y,2,0,89543610,BUSINESS BAY,,,,
Azizi Mirage 1,,mixed,,Y,2,127,86090006,DUBAI STUDIO CITY,,,,
Signature Mansions,,off-plan,,Y,2,0,61775000,JUMEIRAH GOLF,,,,
Azizi Riviera 66,,mixed,,Y,2,1,49257400,MEYDAN ONE,,,,
Azizi riviera 58,,mixed,,Y,2,1,36095200,MEYDAN ONE,,,,
Golf Grand,,mixed,,Y,2,14,30778001,DUBAI HILLS,,,,
Vitalia by Pinnacle,,off-plan,,Y,2,0,30450700,PALM JUMEIRAH,,,,
Wadi Villas by Arista,,off-plan,,Y,2,0,29278557,Wadi Al Safa 3,,,,
South Bay 4 Premium,,off-plan,,Y,2,0,26550000,Madinat Al Mataar,,,,
Peninsula Dubai Residences - Tower 1,,off-plan,,Y,2,0,26277509,Jumeirah Second,,,,
Euphoric Residences,,off-plan,,Y,2,0,24500000,BURJ KHALIFA,,,,
Porto View,,off-plan,,Y,2,0,17579776,Madinat Dubai Almelaheyah,,,,
Fairway Villas 3,,mixed,,Y,2,1,17076500,Madinat Al Mataar,,,,
Nad Al Sheba Gardens Phase 6,,off-plan,,Y,2,0,12210000,Nad Al Shiba First,,,,
THE BRISTOL Emaar Beachfront,,off-plan,,Y,2,0,11000016,Marsa Dubai,,,,
HAVEN LIVING,,off-plan,,Y,2,0,8226160,Palm Deira,,,,
The Residence By Prestige One,,mixed,,Y,2,7,7823550,JUMEIRAH VILLAGE CIRCLE,,,,
MARWA HOMES III,,off-plan,,Y,2,0,7600000,JUMEIRAH VILLAGE CIRCLE,,,,
The Valley - Avena 2,,off-plan,,Y,2,0,7257748,Al Yufrah 1,,,,
"Bay Grove Residences, Dubai Islands",,off-plan,,Y,2,0,7040000,Palm Deira,,,,
Ocean Pearl 2 By SD,,off-plan,,Y,2,0,7038271,Palm Deira,,,,
Marina Cove,,off-plan,,Y,2,0,6863888,DUBAI MARINA,,,,
Sunset Bay One By Imtiaz,,off-plan,,Y,2,0,6539774,Palm Deira,,,,
Lumina,,off-plan,,Y,2,0,6418774,DUBAI HEALTHCARE CITY - PHASE 1,,,,
Allegro Residences,,off-plan,,Y,2,0,6214329,Palm Deira,,,,
Pier Point 1,,off-plan,,Y,2,0,6008774,Madinat Dubai Almelaheyah,,,,
VOLGA TOWER,,off-plan,,Y,2,0,5972502,JUMEIRAH VILLAGE TRIANGLE,,,,
LIV MARITIME,,off-plan,,Y,2,0,5719548,DUBAI MARITIME CITY,,,,
Thyme,,off-plan,,Y,2,0,5562000,Al Wasl,,,,
The Valley - Kaia,,off-plan,,Y,2,0,5422889,Al Yufrah 1,,,,
BEACH WALK RESIDENCES 1,,off-plan,,Y,2,0,5278692,PALM DEIRA,,,,
Greenville 2,,off-plan,,Y,2,0,5222832,Madinat Al Mataar,,,,
Orise,,off-plan,,Y,2,0,5114050,Madinat Dubai Almelaheyah,,,,
LUXURY CANAL RESIDENCES,,off-plan,,Y,2,0,4814000,PALM DEIRA,,,,
Expo City Sky Residences,,off-plan,,Y,2,0,4795000,Madinat Al Mataar,,,,
Seaside by Prestige One,,off-plan,,Y,2,0,4680000,Palm Deira,,,,
THE TIDES BY AMIS,AMIS AURUM REAL ESTATE DEVELOPMENT L.L.C,off-plan,Y,Y,2,0,4303220,Palm Deira,,ACTIVE,0,Y
CORAL REEF,,off-plan,,Y,2,0,4059000,DUBAI MARITIME CITY,,,,
NAS3,,mixed,,Y,2,3,3975340,ARJAN,,,,
The Spark by Esnaad,,off-plan,,Y,2,0,3900000,Wadi Al Safa 3,,,,
Rabdan Square,RABDAN SQUARE DEVELOPMENTS L.L.C,off-plan,Y,Y,2,0,3753132,Nad Al Shiba First,,ACTIVE,0,Y
City Walk Crestlane 2,,off-plan,,Y,2,0,3701135,Al Wasl,,,,
Nautica Two,,off-plan,,Y,2,0,3668000,DUBAI MARITIME CITY,,,,
Avonlea,,off-plan,,Y,2,0,3295888,Madinat Dubai Almelaheyah,,,,
Lexington,,off-plan,,Y,2,0,2995776,Al Yelayiss 2,,,,
California by SD,,off-plan,,Y,2,0,2912716,Jabal Ali First,,,,
SERENITY LAKES 2,,off-plan,,Y,2,0,2704108,JUMEIRAH VILLAGE CIRCLE,,,,
Roma Residences by JRP,,off-plan,,Y,2,0,2696075,JUMEIRAH VILLAGE CIRCLE,,,,
Aeon,,off-plan,,Y,2,0,2603293,DUBAI CREEK HARBOUR,,,,
Belle Reve By Zimaya,,off-plan,,Y,2,0,2600300,JUMEIRAH VILLAGE CIRCLE,,,,
DAMAC LAGOONS - LAGOON VIEWS 2,,off-plan,,Y,2,0,2512160,Al Hebiah Fifth,,,,
VISTARA HOUSE 2,,off-plan,,Y,2,0,2408638,AL FURJAN,,,,
ALBA,,off-plan,,Y,2,0,2392000,LIWAN 2,,,,
ROSALIA RESIDENCES,,off-plan,,Y,2,0,2380000,AL FURJAN,,,,
Cresswell Plaza,,off-plan,,Y,2,0,2295000,DUBAI SOUTH,,,,
DAMAC LAGOONS - LAGOON VIEWS 5,,off-plan,,Y,2,0,2205040,Al Hebiah Fifth,,,,
Lilian Residences,,off-plan,,Y,2,0,2153842,DUBAI SOUTH,,,,
Westar Altair,,off-plan,,Y,2,0,2081902,DUBAI SOUTH,,,,
VOI Residence by HVM Living,,off-plan,,Y,2,0,2041926,DUBAI SOUTH,,,,
Rose Gold Residences by Zee Development,,off-plan,,Y,2,0,1804300,JUMEIRAH VILLAGE CIRCLE,,,,
Samana Waves 2,,off-plan,,Y,2,0,1774166,JUMEIRAH VILLAGE CIRCLE,,,,
Elaya,,off-plan,,Y,2,0,1725000,Al Yelayiss 2,,,,
TAVORA RESIDENCES BY JHK HEIGHTS REAL ESTATE DEVELOPMENT,,off-plan,,Y,2,0,1694554,INTERNATIONAL CITY PH 2 & 3,,,,
Serenova,,off-plan,,Y,2,0,1681150,SILICON OASIS,,,,
Samana Portofino,,off-plan,,Y,2,0,1451251,DUBAI PRODUCTION CITY,,,,
MAYFLOWER RESIDENCES,,off-plan,,Y,2,0,1445000,INTERNATIONAL CITY PH 2 & 3,,,,
THE MAIDEN RESIDENCE,,off-plan,,Y,2,0,1146315,INTERNATIONAL CITY PH 2 & 3,,,,
Roof Comfort,,off-plan,,Y,2,0,1130000,DUBAI LAND RESIDENCE COMPLEX,,,,
Park Residency,,off-plan,,Y,2,0,1029383,INTERNATIONAL CITY PH 2 & 3,,,,
PORT DE LA MER - LE SOLEIL,,mixed,,Y,1,33,173093884,Jumeirah First,,,,
Binghatti Phoenix,,mixed,,Y,1,103,128424960,JUMEIRAH VILLAGE CIRCLE,,,,
Ciel,,mixed,,Y,1,98,104772389,DUBAI MARINA,,,,
Sunridge,,mixed,,Y,1,50,96291624,Madinat Dubai Almelaheyah,,,,
LIVING LEGENDS PHASE 5,,mixed,,Y,1,97,93156212,LIVING LEGENDS,,,,
CONDOR GOLF LINKS 18,,mixed,,Y,1,86,83559545,DUBAI SPORTS CITY,,,,
Bulgari Lighthouse Dubai,,off-plan,,Y,1,0,80000000,Island 2,,,,
ORLA Infinity by OMNIYAT,,off-plan,,Y,1,0,65436950,Palm Jumeirah,,,,
Azizi Riviera Beachfront,,mixed,,Y,1,53,58938490,MEYDAN ONE,,,,
Binghatti Aurora,,mixed,,Y,1,55,58280118,JUMEIRAH VILLAGE CIRCLE,,,,
Jumeirah Asora Bay,,off-plan,,Y,1,0,48958000,Jumeirah First,,,,
THE RESIDENCE | Burj Khalifa,,off-plan,,Y,1,0,38000000,BURJ KHALIFA,,,,
Marina Living,,mixed,,Y,1,27,35917450,DUBAI MARINA,,,,
AVENUE RESIDENCE 5,,mixed,,Y,1,28,34754386,AL FURJAN,,,,
THE WATERSIDE VILLAS BY ELLINGTON,,off-plan,,Y,1,0,34680000,Wadi Al Safa 3,,,,
Pearl House II By Imtiaz,,mixed,,Y,1,39,32308102,JUMEIRAH VILLAGE CIRCLE,,,,
Vista by Prestige One,,mixed,,Y,1,24,32077300,DUBAI SPORTS CITY,,,,
Imperial Residence,,mixed,,Y,1,29,29975000,JUMEIRAH VILLAGE TRIANGLE,,,,
Fawad Azizi Residence,,mixed,,Y,1,17,26119356,DUBAI HEALTHCARE CITY - PHASE 2,,,,
THE BEACHFRONT VILLAS BY ELLINGTON,,off-plan,,Y,1,0,19162522,Wadi Al Safa 3,,,,
Glorious Central Residences,,mixed,,Y,1,17,17544237,INTERNATIONAL CITY PH 2 & 3,,,,
EYWA DUBAI,,off-plan,,Y,1,0,17403846,BUSINESS BAY,,,,
LAYA HEIGHTS,,mixed,,Y,1,31,17042766,DUBAI STUDIO CITY,,,,
Azizi Farishta Residence,,mixed,,Y,1,19,14866510,AL FURJAN,,,,
Azizi Aliyah Residences,,mixed,,Y,1,18,13889723,DUBAI HEALTHCARE CITY - PHASE 2,,,,
THE LAKESHORE VILLAS BY ELLINGTON,,off-plan,,Y,1,0,13730000,Wadi Al Safa 3,,,,
LIVING LEGENDS PHASE 7,,mixed,,Y,1,12,13560626,LIVING LEGENDS,,,,
The Woodland Residences,,off-plan,,Y,1,0,13400000,Wadi Al Safa 3,,,,
ROYAL BAY,,mixed,,Y,1,4,13078994,PALM JUMEIRAH,,,,
CANDACE ACACIA HOTEL APARTMENTS,,mixed,,Y,1,20,13005139,AL FURJAN,,,,
Rena,,off-plan,,Y,1,0,13000000,PALM DEIRA,,,,
LUCE,,off-plan,,Y,1,0,11300000,PALM JUMEIRAH,,,,
CANDACE ASTER HOTEL APARTMENTS,,mixed,,Y,1,10,10780495,AL FURJAN,,,,
Lua Residences,,off-plan,,Y,1,0,10200000,Wadi Al Safa 3,,,,
Azizi Riviera 1,,mixed,,Y,1,12,9530500,MEYDAN ONE,,,,
Westwood Grande by Imtiaz,,mixed,,Y,1,7,8074580,JUMEIRAH VILLAGE CIRCLE,,,,
City Walk Crestlane 1,,off-plan,,Y,1,0,7320000,Al Wasl,,,,
Luxury Family Residence III,,off-plan,,Y,1,0,5600000,BUSINESS BAY,,,,
Azizi Riviera 28,,mixed,,Y,1,7,5162611,MEYDAN ONE,,,,
The Veranda Collection 2,,off-plan,,Y,1,0,4800000,JUMEIRAH VILLAGE CIRCLE,,,,
HQA By Arista,ARISTA ONE REAL ESTATE DEVELOPMENT L.L.C,off-plan,Y,Y,1,0,4779450,AL FURJAN,,ACTIVE,0,Y
Golf Dale,,off-plan,,Y,1,0,4681888,Madinat Al Mataar,,,,
EQUITI GATES,,mixed,,Y,1,5,4580766,DOWN TOWN JABAL ALI,,,,
South Bay 6 Premium,,off-plan,,Y,1,0,4460000,Madinat Al Mataar,,,,
Hayat 2,DUBAI SOUTH PROPERTIES DWC LLC,off-plan,Y,Y,1,0,4217595,Madinat Al Mataar,,ACTIVE,0,Y
ART BAY WEST,,off-plan,,Y,1,0,3731828,JADDAF WATERFRONT,,,,
The Valley - Elea,,off-plan,,Y,1,0,3667888,Al Yufrah 1,,,,
PALMAROSA,,off-plan,,Y,1,0,3500000,PALMAROSA,,,,
High Best Tower,,off-plan,,Y,1,0,3485897,Wadi Al Safa 3,,,,
Marea,,off-plan,,Y,1,0,3352877,PALM DEIRA,,,,
Century,,mixed,,Y,1,2,3186931,BUSINESS BAY,,,,
Parkland,,off-plan,,Y,1,0,3169888,Hadaeq Sheikh Mohammed Bin Rashid,,,,
Trussardi Residences,,off-plan,,Y,1,0,3159359,AL FURJAN,,,,
City Walk Northline 1,,off-plan,,Y,1,0,3120000,Al Wasl,,,,
Vayla Residences,,off-plan,,Y,1,0,2976000,Palm Deira,,,,
Verdes by Haven 2,AURORA SPV 1 L.L.C,off-plan,Y,Y,1,0,2894400,Wadi Al Safa 5,,ACTIVE,6.65,Y
SYMBOLIC AURA,,off-plan,,Y,1,0,2798666,AL FURJAN,,,,
Elire,,off-plan,,Y,1,0,2792589,Business Bay,,,,
Edgewater Residences,,off-plan,,Y,1,0,2250000,PALM DEIRA,,,,
Ocean Pearl By SD,,off-plan,,Y,1,0,2200331,Palm Deira,,,,
Manhattan 2 by SD,,off-plan,,Y,1,0,2191728,JUMEIRAH VILLAGE CIRCLE,,,,
Trillium Heights,,off-plan,,Y,1,0,2100000,Al Satwa,,,,
Barari Parkview by Al Mawared,,off-plan,,Y,1,0,2025000,MAJAN,,,,
The Cube Quarter Residences,,off-plan,,Y,1,0,2020000,Wadi Al Safa 3,,,,
ART BAY EAST,,off-plan,,Y,1,0,2000828,JADDAF WATERFRONT,,,,
Palace Residences Hillside B,DUBAI HILLS ESTATE L.L.C,off-plan,Y,Y,1,0,1943888,Hadaeq Sheikh Mohammed Bin Rashid,,ACTIVE,0,Y
Manam Pearl,,off-plan,,Y,1,0,1861950,AL FURJAN,,,,
Divine Residencia,,off-plan,,Y,1,0,1790000,DUBAI STUDIO CITY,,,,
The Waterway by Prestige One,,off-plan,,Y,1,0,1775100,HORIZON,,,,
Helvetia Verde,D H G PROPERTY DEVELOPMENT L.L.C,off-plan,Y,Y,1,0,1646026,HORIZON,,ACTIVE,0,Y
PARK BOULEVARD BY METEORA,,off-plan,,Y,1,0,1633220,JUMEIRAH VILLAGE CIRCLE,,,,
ESTRELLA BY NEXUS,,off-plan,,Y,1,0,1545830,MAJAN,,,,
77S,,off-plan,,Y,1,0,1500000,BUSINESS BAY,,,,
Cubix Residences,,off-plan,,Y,1,0,1500000,JUMEIRAH VILLAGE CIRCLE,,,,
Oceanz 3 By Danube,,off-plan,,Y,1,0,1371000,DUBAI MARITIME CITY,,,,
Shoaq,,off-plan,,Y,1,0,1350002,Palm Deira,,,,
DAMAC LAGOONS - LAGOON VIEWS 7,,off-plan,,Y,1,0,1315000,Al Hebiah Fifth,,,,
Rose Gardens 3,,off-plan,,Y,1,0,1310987,ARJAN,,,,
Samana Business Park 2,,off-plan,,Y,1,0,1300000,MAJAN,,,,
Luxury Family Residence,,off-plan,,Y,1,0,1295000,JUMEIRAH VILLAGE CIRCLE,,,,
Avenue Residence 8,,off-plan,,Y,1,0,1264828,AL FURJAN,,,,
Serra Residence By Wujod,,off-plan,,Y,1,0,1250000,LIWAN 2,,,,
ROSEMONT RESIDENCES,,off-plan,,Y,1,0,1239828,JUMEIRAH VILLAGE TRIANGLE,,,,
WADI 645,,off-plan,,Y,1,0,1188906,MAJAN,,,,
Symphony by Chaimaa,DEVAL REAL ESTATE DEVELOPMENT L.L.C,off-plan,Y,Y,1,0,1187200,MAJAN,,ACTIVE,0,Y
OMYA RESIDENCES,PANTHEON ELYSEE REAL ESTATE DEVELOPMENT L.L.C,off-plan,Y,Y,1,0,1175902,Jabal Ali First,VOXA RESIDENCES,ACTIVE,0,Y
DG1 Living,,off-plan,,Y,1,0,1175148,BUSINESS BAY,,,,
Valores Residences,,off-plan,,Y,1,0,1160000,AL FURJAN,,,,
DAMAC LAGOONS - LAGOON VIEWS 10,,off-plan,,Y,1,0,1160000,Al Hebiah Fifth,,,,
Enchante By GRID,GRID VIV REAL ESTATE DEVELOPMENT L.L.C,off-plan,Y,Y,1,0,1150000,ARJAN,,ACTIVE,0,Y
Riviera Chalet,,off-plan,,Y,1,0,1135000,JUMEIRAH VILLAGE CIRCLE,,,,
DAMAC LAGOONS - LAGOON VIEWS 4,,off-plan,,Y,1,0,1125000,Al Hebiah Fifth,,,,
A 99,,off-plan,,Y,1,0,1049381,DUBAI LAND RESIDENCE COMPLEX,,,,
SAMANA MIAMI,,off-plan,,Y,1,0,1043859,JUMEIRAH VILLAGE CIRCLE,,,,
VITA GRANDE BY METEORA,,off-plan,,Y,1,0,872000,JUMEIRAH VILLAGE CIRCLE,,,,
Nirvana Residences - I,MERAKI REAL ESTATE DEVELOPMENT L.L.C,off-plan,Y,Y,1,0,705007,DUBAI PRODUCTION CITY,,ACTIVE,0,Y
PARKWOOD RESIDENCES,,off-plan,,Y,1,0,704547,JUMEIRAH VILLAGE CIRCLE,,,,
Oasiz 2 by Danube,,off-plan,,Y,1,0,694330,SILICON OASIS,,,,
MARQUIS ELEGANCE,,off-plan,,Y,1,0,637500,ARJAN,,,,
AL WALEED w.s 1,,off-plan,,Y,1,0,630981,DUBAI LAND RESIDENCE COMPLEX,,,,
Aero 1,,off-plan,,Y,1,0,601400,DUBAI SOUTH,,,,
Coventry 66,,off-plan,,Y,1,0,525000,DUBAI SOUTH,,,,
AVANT GARDE RESIDENCES BY SKYLINE,,off-plan,,Y,1,0,350002,JUMEIRAH VILLAGE CIRCLE,,,,
Mareva 2 The Oasis,EMAAR DEVELOPMENT P.J.S.C.,ready,Y,Y,0,263,4918035853,Me'Aisem Second,,ACTIVE,0,Y
Mareva The Oasis,EMAAR DEVELOPMENT P.J.S.C.,ready,Y,Y,0,245,4688443171,Me'Aisem Second,,ACTIVE,0,Y
Eden Hills,,ready,,Y,0,148,4364983000,Hadaeq Sheikh Mohammed Bin Rashid,,,,
Greenz By Danube,,ready,,Y,0,3,3691257312,Al Rowaiyah First,,,,
Tilal Binghatti,,ready,,Y,0,2,3532536107,Al Rowaiyah First,,,,
FAIRMONT PALM HOTEL & RESORT,,ready,,Y,0,3,3273438504,PALM JUMEIRAH,,,,
Salva The Heights,EMAAR DEVELOPMENT P.J.S.C.,ready,Y,Y,0,338,2817825694,Al Yelayiss 5,,ACTIVE,0,Y
Serro 2 The Heights,EMAAR DEVELOPMENT P.J.S.C.,ready,Y,Y,0,336,2650248395,Al Yelayiss 5,,ACTIVE,0,Y
Emirates Hills,,ready,,Y,0,41,2546962003,EMIRATE LIVING,,,,
Ashwood Estates,,ready,,Y,0,146,2351085000,Me'Aisem First,,,,
Serro The Heights,EMAAR DEVELOPMENT P.J.S.C.,ready,Y,Y,0,204,1448948642,Al Yelayiss 5,,ACTIVE,0,Y
Palm Jebel Ali - The Beach and Coral Collection - Frond D,,ready,,Y,0,40,1431052000,Palm Jabal Ali,,,,
Discovery Dunes,,ready,,Y,0,50,1146813595,Madinat Al Mataar,,,,
ROYAL AMWAJ,,ready,,Y,0,23,1069069838,PALM JUMEIRAH,,,,
Palm Jebel Ali - The Beach and Coral Collection - Frond E,,ready,,Y,0,27,1064343000,Palm Jabal Ali,,,,
Binghatti Spectre,Binghatti Developers FZE,ready,Y,Y,0,2,932000000,JADDAF WATERFRONT,,PENDING,0,
Harmony,,ready,,Y,0,86,697045043,Al Hebiah Fourth,,,,
Palm Jebel Ali - The Beach and Coral Collection - Frond C,,ready,,Y,0,20,660603000,Palm Jabal Ali,,,,
Palm Jebel Ali - The Beach and Coral Collection - Frond B,,ready,,Y,0,20,647618000,Palm Jabal Ali,,,,
The Valley - Ovelle,EMAAR DEVELOPMENT P.J.S.C.,ready,Y,Y,0,80,646222673,Al Yufrah 1,,ACTIVE,0,Y
Aura,,ready,,Y,0,153,562468450,Al Hebiah Fourth,,,,
Bluewaters Residences,,ready,,Y,0,56,556516816,BLUEWATERS,,,,
Mohammed Bin Rashid Al Maktoum City District One West - Phase 1,,ready,,Y,0,28,554660000,Ghadeer Al tair,,,,
Eden House Dubai Hills,,ready,,Y,0,20,553101500,Hadaeq Sheikh Mohammed Bin Rashid,,,,
Binghatti Wraith,,ready,,Y,0,2,552000000,SAMA AL JADAF,,,,
"MOHAMMED BIN RASHID AL MAKTOUM CITY- DISTRICT ONE, PHASE 1",,ready,,Y,0,21,525472065,MBR DISTRICT 1,,,,
Palm Jebel Ali - The Beach and Coral Collection,,ready,,Y,0,18,514655000,Palm Jabal Ali,,,,
THE ONYX,,ready,,Y,0,89,475315547,THE GREENS,,,,
Pinewood Estate Homes,JGE REAL ESTATE L.L.C,ready,Y,Y,0,63,442728951,Me'Aisem First,,ACTIVE,0.32,Y
THE FIELDS AT D11 - MBRMC,,ready,,Y,0,136,441933457,THE FIELD,,,,
BAY SQUARE,,ready,,Y,0,99,414526266,BUSINESS BAY,,,,
"No.17, No.18a,No.18b and No.19 Citywalk Residential",,ready,,Y,0,73,403571806,CITY WALK,,,,
FAIRWAY VISTAS,,ready,,Y,0,9,387812567,DUBAI HILLS,,,,
Sobha Hartland - The Crest,,ready,,Y,0,201,363367139,SOBHA HEARTLAND,,,,
Jumeirah Residences - Asora Bay - Ocean Mansions,,ready,,Y,0,1,350000000,Jumeirah First,,,,
"Mohammed Bin Rashid Al Maktoum City District One, B Villas",,ready,,Y,0,21,346247694,Al Merkadh,,,,
Alaya,,ready,,Y,0,22,344379246,Al Hebiah Fourth,,,,
SULAFA TOWER,,ready,,Y,0,187,343782737,DUBAI MARINA,,,,
Binghatti Starfall,,ready,,Y,0,2,331200000,SAMA AL JADAF,,,,
DAMAC LAGOONS - SANTORINI (1),,ready,,Y,0,111,323826443,Al Hebiah Fifth,,,,
AL KHAIL HEIGHTS,,ready,,Y,0,103,323111909,AL KHAIL HEIGHTS,,,,
BURJ KHALIFA TOWERS,,ready,,Y,0,55,320397907,BURJ KHALIFA,,,,
The Pulse Beachfront 3,,ready,,Y,0,85,319504986,Madinat Al Mataar,,,,
Mudon Al Ranim 3,,ready,,Y,0,91,319425817,Al Hebiah Sixth,,,,
Luma Park Views,,ready,,Y,0,237,310266850,JUMEIRAH VILLAGE CIRCLE,,,,
MARINA RESIDENCE,,ready,,Y,0,68,305122716,PALM JUMEIRAH,,,,
Nad Al Sheba Gardens Phase 2,,ready,,Y,0,44,294165604,Nad Al Shiba First,,,,
The Oasis - Palmiera Collective,EMAAR PROPERTIES (P.J.S.C),ready,Y,Y,0,17,292640042,Me'Aisem Second,,ACTIVE,0,Y
"THE ROYAL ATLANTIS,RESORT AND RESIDENCES",,ready,,Y,0,8,286300000,PALM JUMEIRAH,,,,
Sidra 2,,ready,,Y,0,38,281714887,DUBAI HILLS,,,,
The Valley - Orania,,ready,,Y,0,118,281361066,Al Yufrah 1,,,,
DAMAC LAGOONS - COSTA BRAVA (1),,ready,,Y,0,135,280193634,Al Hebiah Fifth,,,,
DAMAC LAGOONS - SANTORINI (2),,ready,,Y,0,102,279323389,Al Hebiah Fifth,,,,
One Za'abeel,,ready,,Y,0,34,276782635,Zaabeel First,,,,
TWO TOWERS,,ready,,Y,0,99,272542665,BARSHA HEIGHTS,,,,
The Oasis - Palmiera,,ready,,Y,0,28,272541789,Me'Aisem Second,,,,
The Wilds 1,,ready,,Y,0,29,268360254,Wadi Al Safa 3,,,,
The Valley-Nara,,ready,,Y,0,107,268090084,THE VALLEY,,,,
Arabian Ranches lll - Caya,,ready,,Y,0,49,266386002,Wadi Al Safa 5,,,,
THE ADDRESS RESIDENCE - SKY VIEW,,ready,,Y,0,41,264488350,BURJ KHALIFA,,,,
Sensoria at Five Luxe,,ready,,Y,0,17,262569416,Marsa Dubai,,,,
Golf Place ll,,ready,,Y,0,15,258641318,DUBAI HILLS,,,,
Golf Place,,ready,,Y,0,16,257666808,DUBAI HILLS,,,,
Imperial  Avenue,,ready,,Y,0,44,254192754,BURJ KHALIFA,,,,
MAHA TOWNHOUSES,,ready,,Y,0,89,245746219,Al Yelayiss 2,,,,
Palm Jebel Ali - Frond N,,ready,,Y,0,10,244108873,Palm Jabal Ali,,,,
Elan,,ready,,Y,0,76,242357635,TILAL AL GHAF,,,,
DAMAC LAGOONS - PORTOFINO,,ready,,Y,0,96,240755321,Al Hebiah Fifth,,,,
Haus of Tenet,IRTH URBAN TWO DEVELOPMENT L.L.C,ready,Y,Y,0,1,240000000,BUSINESS BAY,,PENDING_COMING_SOON,20.62,
GOLDEN MILE,,ready,,Y,0,57,238448477,PALM JUMEIRAH,,,,
Seventh Heaven - Ashjar,,ready,,Y,0,109,236771215,AL BARARI,,,,
MOHAMMED BIN RASHID AL MAKTOUM CITY-DISTRICT ONE PHASE II VILLAS,,ready,,Y,0,10,233082596,MBR DISTRICT 1,,,,
Eden House The Canal,,ready,,Y,0,25,231594373,DUBAI WATER CANAL,,,,
Jouri Hills,,ready,,Y,0,25,230289000,Me'Aisem First,,,,
Orra The Embankment,,ready,,Y,0,75,229352253,JUMEIRAH LAKES TOWERS,,,,
SIDRA,,ready,,Y,0,30,228338413,DUBAI HILLS,,,,
Elwood Estates,,ready,,Y,0,21,223231529,Al Yufrah 1,,,,
GRAND VIEWS,,ready,,Y,0,42,223178844,GRAND VIEWS,,,,
The Wilds 2,,ready,,Y,0,23,222363138,Wadi Al Safa 3,,,,
THE EXCHANGE,,ready,,Y,0,17,219624576,BUSINESS BAY,,,,
BV RESIDENCES,,ready,,Y,0,10,219382711,JUMEIRA BAY,,,,
AL FURJAN,,ready,,Y,0,55,218232818,AL FURJAN,,,,
SANCTUARY  FALLS,,ready,,Y,0,14,218100005,JUMEIRAH GOLF,,,,
THE DUBAI CREEK RESIDENCES,,ready,,Y,0,62,216344022,DUBAI CREEK HARBOUR,,,,
Majestic Vistas,,ready,,Y,0,6,211600089,DUBAI HILLS,,,,
THE VILLA,,ready,,Y,0,34,209994343,THE VILLA,,,,
DAMAC LAGOONS - COSTA BRAVA (2),,ready,,Y,0,65,209479749,Al Hebiah Fifth,,,,
THE POLO RESIDENCE,,ready,,Y,0,107,208125625,MEYDAN AVENUE,,,,
HOLLAND GARDENS,,ready,,Y,0,186,207472572,Al Yelayiss 2,,,,
Arabian Ranches lll - June,,ready,,Y,0,50,201969551,Wadi Al Safa 5,,,,
DAMAC HILLS-BEL AIR,,ready,,Y,0,45,200538457,Al Hebiah Third,,,,
DAMAC LAGOONS - VENICE (1),,ready,,Y,0,27,196686864,Al Hebiah Fifth,,,,
Arabain Ranches lll - Bliss,,ready,,Y,0,58,196263210,ARABIAN RANCHES III,,,,
The Wilds 3,,ready,,Y,0,26,193674792,Wadi Al Safa 3,,,,
REDWOOD AVENUE,,ready,,Y,0,9,193431806,JUMEIRAH GOLF,,,,
Luxury Family Residence II,,ready,,Y,0,10,192196870,BUSINESS BAY,,,,
Bay Villas - Dubai Islands,,ready,,Y,0,16,192007825,Palm Deira,,,,
Peninsula Three,,ready,,Y,0,117,190842823,BUSINESS BAY,,,,
MULBERRY at PARK HEIGHTS,,ready,,Y,0,50,189987228,DUBAI HILLS,,,,
MAPLE,,ready,,Y,0,48,187378191,DUBAI HILLS,,,,
Beach Mansion,,ready,,Y,0,52,186736344,DUBAI HARBOUR,,,,
The Acres,,ready,,Y,0,26,183564809,Wadi Al Safa 7,,,,
Tilal AL Furjan- Phase One,,ready,,Y,0,36,182058522,Jabal Ali First,,,,
THE ADDRESS DUBAI OPERA,,ready,,Y,0,35,179377534,BURJ KHALIFA,,,,
Al Jazi - Madinat Jumeriah Living,,ready,,Y,0,60,179284669,Um Suqaim Third,,,,
THE ADDRESS - THE BLVD,,ready,,Y,0,37,177328023,BURJ KHALIFA,,,,
ALBARARI IXORA VILLAS,,ready,,Y,0,28,177213702,Wadi Al Safa 3,,,,
MAPLE 2,,ready,,Y,0,41,176919847,DUBAI HILLS,,,,
Paradise View 1,,ready,,Y,0,268,173385152,MAJAN,,,,
Grand Bleu Tower interiors by Elie Saab,,ready,,Y,0,42,171615616,DUBAI HARBOUR,,,,
Mohammed Bin Rashid Al Maktoum City -District One West - Phase 2,,ready,,Y,0,13,171201920,Ghadeer Al tair,,,,
The Pulse- Beachfront,,ready,,Y,0,57,171171860,Madinat Al Mataar,,,,
W Residences Dubai - The Palm,,ready,,Y,0,7,168069761,PALM JUMEIRAH,,,,
Palm Jebel Ali - Frond M,,ready,,Y,0,7,166916759,Palm Jabal Ali,,,,
Arabian Ranches lll - Elie Saab ll,,ready,,Y,0,33,166003136,Wadi Al Safa 5,,,,
THE OPUS BY OMNIYAT,,ready,,Y,0,14,165970875,BUSINESS BAY,,,,
AL HABTOOR CITY,,ready,,Y,0,50,163730048,BUSINESS BAY,,,,
Address Hillcrest,,ready,,Y,0,12,163341999,Hadaeq Sheikh Mohammed Bin Rashid,,,,
DAMAC HILLS - SILVER SPRINGS 3,,ready,,Y,0,48,161102380,Al Hebiah Third,,,,
La Violeta 2,,ready,,Y,0,55,160226319,VILLANOVA,,,,
Maple III,,ready,,Y,0,36,159669161,DUBAI HILLS,,,,
REMRAAM,,ready,,Y,0,175,158795043,REMRAAM,,,,
TOWN SQUARE ZAHRA,,ready,,Y,0,116,158378588,TOWN SQUARE,,,,
AZIZI RIVIERA 69,,ready,,Y,0,72,158135914,MEYDAN ONE,,,,
Jumeirah Gate,,ready,,Y,0,32,156733516,JUMEIRAH BEACH RESIDENCE,,,,
RITAJ,,ready,,Y,0,130,156377482,DUBAI INVESTMENT PARK SECOND,,,,
The Valley - Talia,,ready,,Y,0,55,154861600,Al Yufrah 1,,,,
The Grand,,ready,,Y,0,48,154857331,DUBAI CREEK HARBOUR,,,,
Rukan 3,,ready,,Y,0,128,153684542,Wadi Al Safa 7,,,,
The Valley - Avelia,EMAAR DEVELOPMENT P.J.S.C.,ready,Y,Y,0,19,152279742,Al Yufrah 1,,ACTIVE,0,Y
Elysian Mansions,,ready,,Y,0,5,151885064,Al Hebiah Fourth,,,,
DAMAC HILLS (2) - CAMELIA,,ready,,Y,0,129,151716080,Madinat Hind 4,,,,
OLIVE POINT,,ready,,Y,0,8,151639129,JUMEIRAH GOLF,,,,
D Villas,,ready,,Y,0,21,150847719,Me'Aisem First,,,,
THE ONE TOWER,,ready,,Y,0,32,150414215,BARSHA HEIGHTS,,,,
MAG EYE Phase 1,,ready,,Y,0,82,149847411,MBR DISTRICT 7,,,,
Arabian Ranches lll - Elie Saab,,ready,,Y,0,33,147687599,Wadi Al Safa 5,,,,
THE ADDRESS RESIDENCE FOUNTAIN VIEWS III,,ready,,Y,0,17,146665023,BURJ KHALIFA,,,,
VIDA RESIDENCE DOWNTOWN DUBAI,,ready,,Y,0,29,145934655,BURJ KHALIFA,,,,
MUDON PHASE 3 _  NEIGHBOURHOOD I- ARABELLA,,ready,,Y,0,51,145695971,MUDON,,,,
The Hamilton,,ready,,Y,0,143,144502656,Al Yelayiss 2,,,,
Boulevard Point,,ready,,Y,0,29,141945190,BURJ KHALIFA,,,,
Tilal AL Furjan- Phase Two,,ready,,Y,0,22,140519251,Jabal Ali First,,,,
Downtown Views II,,ready,,Y,0,53,140500402,Zaabeel Second,,,,
The Oasis - Mirage,,ready,,Y,0,8,140124140,Me'Aisem Second,,,,
The Address Residence-Fountain Views,,ready,,Y,0,22,140027317,BURJ KHALIFA,,,,
Selicon Star 2,,ready,,Y,0,51,139832050,SILICON OASIS,,,,
Vincitore Benessere,,ready,,Y,0,95,139598848,ARJAN,,,,
1 Residences,,ready,,Y,0,53,138081294,Al Kifaf,,,,
The Oasis - Lavita,,ready,,Y,0,3,137898914,Me'Aisem Second,,,,
Cedarwood Estates,JGE REAL ESTATE L.L.C,ready,Y,Y,0,9,137441000,Me'Aisem First,,ACTIVE,0,Y
Peninsula Five,,ready,,Y,0,44,137036833,BUSINESS BAY,,,,
Emirates Living - Springs 11,,ready,,Y,0,32,136557993,EMIRATE LIVING,,,,
MILLENNIUM ESTATES,,ready,,Y,0,9,136142109,MILLENNIUM,,,,
Palace Residences - North,,ready,,Y,0,61,134562145,DUBAI CREEK HARBOUR,,,,
Emirates Living - Springs 15,,ready,,Y,0,35,133163862,EMIRATE LIVING,,,,
ADDRESS HARBOUR POINT,,ready,,Y,0,37,132885074,DUBAI CREEK HARBOUR,,,,
Palace Beach Residence,,ready,,Y,0,33,132711456,DUBAI HARBOUR,,,,
DAMAC HILLS - SILVER SPRINGS,,ready,,Y,0,21,131552999,DAMAC HILLS,,,,
Binghatti Royale,,ready,,Y,0,79,130885112,JUMEIRAH VILLAGE CIRCLE,,,,
BD BOULEVARD PLAZA,,ready,,Y,0,7,130866938,BURJ KHALIFA,,,,
VICEROY HOTEL RESORTS RESIDENCES,,ready,,Y,0,17,130630435,PALM JUMEIRAH,,,,
MUROOJ ALFURJAN WEST,,ready,,Y,0,32,130600364,Jabal Ali First,,,,
Emirates Living - Springs 14,,ready,,Y,0,36,129926602,EMIRATE LIVING,,,,
Azizi Riviera 56,,ready,,Y,0,1,129830000,Al Merkadh,,,,
Palm Jebel Ali - Frond P,,ready,,Y,0,5,128832125,Palm Jabal Ali,,,,
FORTE,,ready,,Y,0,42,128231043,BURJ KHALIFA,,,,
BALQIS RESIDENCE,,ready,,Y,0,9,127749532,PALM JUMEIRAH,,,,
THE S TOWER,,ready,,Y,0,10,127288680,TECOM SITE A,,,,
THE SUNDIALS,,ready,,Y,0,5,127150000,JUMEIRAH GOLF,,,,
SERENIA RESIDENCES THE PALM,,ready,,Y,0,14,126741214,PALM JUMEIRAH,,,,
DAMAC ISLANDS - SEYCHELLES 2,,ready,,Y,0,41,126557160,Al Yelayiss 1,,,,
OIA Residence,,ready,,Y,0,67,126246158,MOTOR CITY,,,,
DAMAC HILLS - IVORY,,ready,,Y,0,38,125901050,Al Hebiah Third,,,,
THE ADDRESS RESIDENCE FOUNTAIN VIEWS II,,ready,,Y,0,18,125113830,BURJ KHALIFA,,,,
Park Horizon,,ready,,Y,0,62,124268103,DUBAI HILLS,,,,
OBEROI CENTRE,,ready,,Y,0,17,124157194,BUSINESS BAY,,,,
HARBOUR VIEWS,,ready,,Y,0,48,123157105,DUBAI CREEK HARBOUR,,,,
SKY COURTS,,ready,,Y,0,184,123040090,DUBAI LAND RESIDENCE COMPLEX,,,,
Grande,,ready,,Y,0,29,122983594,BURJ KHALIFA,,,,
ACT ONE | ACT TWO,,ready,,Y,0,43,120303252,BURJ KHALIFA,,,,
Vida Dubai Mall,,ready,,Y,0,37,119337806,BURJ KHALIFA,,,,
Sobha Estates,,ready,,Y,0,3,119259817,Bukadra,,,,
JASMINE LANE,,ready,,Y,0,31,118849288,JUMEIRAH GOLF,,,,
REEM-MIRA COMMUNITY PH 3,,ready,,Y,0,39,118434809,MIRA,,,,
Mudon-Phase 2,,ready,,Y,0,25,118366412,MUDON,,,,
DAMAC TOWERS BY PARAMOUNT,,ready,,Y,0,78,118127736,BUSINESS BAY,,,,
Mudon Al Ranim 2,,ready,,Y,0,35,117507356,Al Hebiah Sixth,,,,
The Hills,,ready,,Y,0,29,117453964,THE LAKES,,,,
Emirates Living - Springs 3,,ready,,Y,0,29,116578492,EMIRATE LIVING,,,,
REEM - MIRA OASIS COMMUNITY PHASE 2,,ready,,Y,0,37,116280500,MIRA,,,,
JUMEIRAH ISLANDS MANSIONS,,ready,,Y,0,3,116000000,JUMEIRAH ISLANDS,,,,
POLO HOMES,,ready,,Y,0,4,115124054,ARABIAN RANCHES POLO CLUB,,,,
THE SUSTAINABLE CITY,,ready,,Y,0,28,112416271,SUSTAINABLE CITY,,,,
Villa Amalfi,,ready,,Y,0,8,112253621,Island 2,,,,
DAMAC HILLS - AUTOGRAPH COLLECTION,,ready,,Y,0,5,112045320,Al Hebiah Third,,,,
BV Mansions,,ready,,Y,0,2,111999971,JUMEIRA BAY,,,,
The Valley - Farm Gardens 2,,ready,,Y,0,15,111862585,Al Yufrah 1,,,,
Opera Grand,,ready,,Y,0,18,110437136,BURJ KHALIFA,,,,
CREEK RISE,,ready,,Y,0,44,109768951,DUBAI CREEK HARBOUR,,,,
JUMEIRAH PARK PACKAGE 1A,,ready,,Y,0,13,109218628,JUMEIRAH PARK,,,,
Palm Hills,,ready,,Y,0,7,107663102,Hadaeq Sheikh Mohammed Bin Rashid,,,,
Sobha Creek Vistas Grande,,ready,,Y,0,46,107004975,SOBHA HEARTLAND,,,,
DAMAC HILLS - PICCADILLY GREEN,,ready,,Y,0,16,106410000,DAMAC HILLS,,,,
Dorchester Collection Dubai,,ready,,Y,0,4,106350000,BUSINESS BAY,,,,
NOOR TOWNHOUSES,,ready,,Y,0,44,106040885,TOWN SQUARE,,,,
SEVENTH HEAVEN,,ready,,Y,0,38,106014214,AL BARARI,,,,
Jumeirah Golf Estates - Hillside,,ready,,Y,0,3,105400000,JUMEIRAH GOLF,,,,
CREEK HORIZON,,ready,,Y,0,42,105098540,DUBAI CREEK HARBOUR,,,,
BURJ VISTA,,ready,,Y,0,25,104744114,BURJ KHALIFA,,,,
Creek Beach - Rosewater,,ready,,Y,0,40,104698410,DUBAI CREEK HARBOUR,,,,
DAMAC LAGOONS - MALTA (2),,ready,,Y,0,37,103154464,Al Hebiah Fifth,,,,
TIARA RESIDENCE,,ready,,Y,0,21,102865000,PALM JUMEIRAH,,,,
Parkside,,ready,,Y,0,51,102022933,EMAAR SOUTH,,,,
Park Gate Residences,,ready,,Y,0,42,102021743,Al Kifaf,,,,
Emirates Living - Springs 9,,ready,,Y,0,27,101200941,EMIRATE LIVING,,,,
DAMAC HILLS (2) - JANUSIA,,ready,,Y,0,63,101188333,Madinat Hind 4,,,,
Sidra 3,,ready,,Y,0,16,101065434,DUBAI HILLS,,,,
LIME TREE VALLEY,,ready,,Y,0,7,101041001,JUMEIRAH GOLF,,,,
VOLANTE 2,,ready,,Y,0,5,100784156,BUSINESS BAY,,,,
JUMEIRAH BUSINESS CENTRE 5,,ready,,Y,0,28,100760228,JUMEIRAH LAKES TOWERS,,,,
PARK ISLANDS,,ready,,Y,0,52,100691561,DUBAI MARINA,,,,
Palace Residences - Dubai Creek Harbour,,ready,,Y,0,42,100156194,DUBAI CREEK HARBOUR,,,,
Sobha Creek Vistas,,ready,,Y,0,92,99933587,SOBHA HEARTLAND,,,,
Park Field,,ready,,Y,0,46,99288901,DUBAI HILLS,,,,
Emirates Living - Springs 10,,ready,,Y,0,27,98790598,EMIRATE LIVING,,,,
Murooj Al Furjan 1,,ready,,Y,0,18,98684539,Jabal Ali First,,,,
Creek Palace,,ready,,Y,0,35,98598000,DUBAI CREEK HARBOUR,,,,
Binghatti Phantom,,ready,,Y,0,48,98465065,JUMEIRAH VILLAGE CIRCLE,,,,
DAMAC LAGOONS - MOROCCO 2,,ready,,Y,0,22,98377850,Al Hebiah Fifth,,,,
Serenity Mansions,,ready,,Y,0,3,98060036,Al Hebiah Fourth,,,,
The Acres 3 & Estates,,ready,,Y,0,8,97911637,Wadi Al Safa 7,,,,
DAMAC HILLS (2) - PACIFICA,,ready,,Y,0,59,97900923,Madinat Hind 4,,,,
PARK RIDGE,,ready,,Y,0,49,97605642,DUBAI HILLS,,,,
ALFURJAN PACKAGE 6,,ready,,Y,0,24,97203157,AL FURJAN,,,,
Hera Tower,,ready,,Y,0,164,96716290,DUBAI SPORTS CITY,,,,
Arabella 3,,ready,,Y,0,40,96092749,MUDON,,,,
DAMAC HEIGHTS,,ready,,Y,0,33,95759978,DUBAI MARINA,,,,
SUNRISE BAY,,ready,,Y,0,32,95362104,DUBAI HARBOUR,,,,
CHORISIA 2 VILLAS,,ready,,Y,0,8,95165525,Wadi Al Safa 3,,,,
Kempinski Residences The Creek,,ready,,Y,0,27,94404000,DUBAI HEALTHCARE CITY - PHASE 2,,,,
BLVD HEIGHTS,,ready,,Y,0,26,94074578,BURJ KHALIFA,,,,
ONE AT PALM JUMEIRAH,,ready,,Y,0,4,93848020,PALM JUMEIRAH,,,,
SEASONS COMMUNITY- AUTUMN,,ready,,Y,0,54,93458197,JUMEIRAH VILLAGE CIRCLE,,,,
The Pulse Beachfront 2,,ready,,Y,0,24,93442828,Madinat Al Mataar,,,,
DAMAC LAGOONS - MALTA (1),,ready,,Y,0,33,93374666,Al Hebiah Fifth,,,,
Cheval Residences,,ready,,Y,0,2,93314698,PALM DEIRA,,,,
Al Waha,,ready,,Y,0,26,93031648,AL WAHA,,,,
PARK HEIGHTS II,,ready,,Y,0,54,92994708,DUBAI HILLS,,,,
Emirates Living - Springs 1,,ready,,Y,0,22,91581311,EMIRATE LIVING,,,,
Celesto Tower 4,TARRAD REAL ESTATE DEVELOPMENT L.L.C,ready,Y,Y,0,1,91500000,DUBAI LAND RESIDENCE COMPLEX,,PENDING,0,
Lime Gardens,,ready,,Y,0,42,91389132,DUBAI HILLS,,,,
DAMAC HILLS-PARK RESIDENCES 1,,ready,,Y,0,32,91369849,Al Hebiah Third,,,,
Emirates Living - Springs 2,,ready,,Y,0,23,91325104,EMIRATE LIVING,,,,
ARABELLA 2 - TOWNHOUSES AT MUDON,,ready,,Y,0,36,90943601,MUDON,,,,
CHURCHILL TOWER,,ready,,Y,0,62,90594462,BUSINESS BAY,,,,
REEM - MIRA OASIS COMMUNITY,,ready,,Y,0,32,90290127,MIRA,,,,
AL MAS TOWER,,ready,,Y,0,16,90254328,JUMEIRAH LAKES TOWERS,,,,
Murooj Al Furjan 2,,ready,,Y,0,19,89997330,Jabal Ali First,,,,
MUDON,,ready,,Y,0,24,89891710,MUDON,,,,
Il PRIMO,,ready,,Y,0,4,89700000,BURJ KHALIFA,,,,
Harbour Gate,,ready,,Y,0,38,89318485,DUBAI CREEK HARBOUR,,,,
Vincitore Boulevard,,ready,,Y,0,64,88323086,ARJAN,,,,
ASEEL,,ready,,Y,0,10,88185396,ARABIAN RANCHES I,,,,
ARABIAN RANCHES - RASHA COMMUNITY,,ready,,Y,0,13,87946232,ARABIAN RANCHES II,,,,
Villa Lantana 1,,ready,,Y,0,19,87660689,DUBAI SCIENCE PARK,,,,
EMERALD PALACE KEMPINSKI,,ready,,Y,0,15,87203273,PALM JUMEIRAH,,,,
DAMAC HILLS - CAVALLI ESTATES,,ready,,Y,0,5,86330896,Al Hebiah Third,,,,
Parkside 3,,ready,,Y,0,39,85562000,EMAAR SOUTH,,,,
Palm Jebel Ali - Frond L,,ready,,Y,0,4,85400000,Palm Jabal Ali,,,,
La Vie,,ready,,Y,0,11,85347800,JUMEIRAH BEACH RESIDENCE,,,,
FLAME TREE RIDGE,,ready,,Y,0,4,84700000,JUMEIRAH GOLF,,,,
JUMEIRAH PARK 7A,,ready,,Y,0,13,84227284,JUMEIRAH PARK,,,,
ELLINGTON HOUSE,,ready,,Y,0,22,84203170,DUBAI HILLS,,,,
Golf Grove,,ready,,Y,0,14,84014601,DUBAI HILLS,,,,
Mudon Al Ranim 1,,ready,,Y,0,27,83923590,Al Hebiah Sixth,,,,
Celadon,,ready,,Y,0,29,83789586,CITY WALK,,,,
EQUITI HOME,,ready,,Y,0,44,83668316,AL FURJAN,,,,
CREEKSIDE 18,,ready,,Y,0,29,83528161,DUBAI CREEK HARBOUR,,,,
Myrtle,,ready,,Y,0,32,83523222,Al Wasl,,,,
MIRDIF HILLS- NASAYEM AVENUE,,ready,,Y,0,22,83435464,Mirdif,,,,
Jumeirah Luxury,,ready,,Y,0,13,83407000,Me'Aisem First,,,,
Arabian Ranches lll - Ruba,,ready,,Y,0,30,82764514,ARABIAN RANCHES III,,,,
Cherrywoods,,ready,,Y,0,30,82711300,CHERRYWOODS,,,,
PRINCESS TOWER,,ready,,Y,0,42,82618108,DUBAI MARINA,,,,
Parkway Vistas,,ready,,Y,0,4,82291305,DUBAI HILLS,,,,
The Oasis - Palace Villas - Ostra,,ready,,Y,0,4,82125627,Me'Aisem Second,,,,
TERRACES MARASI DRIVE,,ready,,Y,0,18,81868016,BUSINESS BAY,,,,
Serena Casa Dora,,ready,,Y,0,32,81710035,SERENA,,,,
Emirates Living - Springs 4,,ready,,Y,0,22,80651939,EMIRATE LIVING,,,,
CAYAN TOWER,,ready,,Y,0,33,80336798,DUBAI MARINA,,,,
DAMAC LAGOONS - SANTORINI (3),,ready,,Y,0,16,80050000,Al Hebiah Fifth,,,,
JUMEIRAH BUSINESS CENTRE1,,ready,,Y,0,22,80038097,JUMEIRAH LAKES TOWERS,,,,
Burj Crown,,ready,,Y,0,32,80007356,BURJ KHALIFA,,,,
TORCH TOWER,,ready,,Y,0,43,79995293,DUBAI MARINA,,,,
29 BOULEVARD,,ready,,Y,0,40,79834192,BURJ KHALIFA,,,,
THE 8,,ready,,Y,0,16,79772040,PALM JUMEIRAH,,,,
ALFURJAN PACKAGE 4,,ready,,Y,0,18,79369999,AL FURJAN,,,,
Sunrise Living at Jumeirah Park,,ready,,Y,0,18,79344000,JUMEIRAH PARK,,,,
The Valley - Farm Gardens,,ready,,Y,0,11,79252000,Al Yufrah 1,,,,
Seven Hotel and Apartments The Palm,,ready,,Y,0,45,78583847,PALM JUMEIRAH,,,,
Parkside 2,,ready,,Y,0,36,78412342,EMAAR SOUTH,,,,
Creek Beach - Grove,,ready,,Y,0,30,78234500,DUBAI CREEK HARBOUR,,,,
DAMAC HILLS (2) - PRIMROSE,,ready,,Y,0,36,78209996,Madinat Hind 4,,,,
THE PALM TOWER,,ready,,Y,0,26,78039785,PALM JUMEIRAH,,,,
Serena - Casa Viva,,ready,,Y,0,32,77674580,SERENA,,,,
Emirates Living - Springs 12,,ready,,Y,0,22,77484475,EMIRATE LIVING,,,,
LIVING LEGENDS PHASE 3,,ready,,Y,0,16,77380000,LIVING LEGENDS,,,,
Port de La Mer - La Cote,,ready,,Y,0,23,77303040,LA MER,,,,
TORINO BY ORO24,,ready,,Y,0,90,77256028,ARJAN,,,,
JUMEIRAH GOLF ESTATES,,ready,,Y,0,10,76570000,JUMEIRAH GOLF,,,,
WESTERN RESIDENCE - SOUTH,,ready,,Y,0,21,75608916,FALCON CITY OF WONDERS,,,,
Creek Beach - Savanna-Cedar-Mangrove,,ready,,Y,0,42,75460004,DUBAI CREEK HARBOUR,,,,
SERENA BELLA CASA,,ready,,Y,0,31,75393957,SERENA,,,,
The Oasis - Address Villas - Tierra,,ready,,Y,0,6,74829127,Me'Aisem Second,,,,
FAIRMONT PALM RESIDENCE,,ready,,Y,0,14,73773765,PALM JUMEIRAH,,,,
Arabian Ranches III - SUN,,ready,,Y,0,28,73433390,ARABIAN RANCHES III,,,,
Island Park I,,ready,,Y,0,30,73382253,DUBAI CREEK HARBOUR,,,,
BUSINESS AVENUE AA1,,ready,,Y,0,36,73301062,JUMEIRAH LAKES TOWERS,,,,
DAMAC LAGOONS - IBIZA,,ready,,Y,0,29,72669641,Al Hebiah Fifth,,,,
DAMAC LAGOONS - MOROCCO 1,,ready,,Y,0,23,72626561,Al Hebiah Fifth,,,,
DAMAC LAGOONS - MONTE CARLO,,ready,,Y,0,31,72488150,Al Hebiah Fifth,,,,
BEACH ISLE,,ready,,Y,0,15,72363321,DUBAI HARBOUR,,,,
DOWNTOWN VIEWS,,ready,,Y,0,22,72360303,Zaabeel Second,,,,
D1,,ready,,Y,0,33,72228428,JADDAF WATERFRONT,,,,
SILVERENE,,ready,,Y,0,39,72012210,DUBAI MARINA,,,,
JUMEIRAH PARK 7B&C,,ready,,Y,0,12,71149554,JUMEIRAH PARK,,,,
DAMAC HILLS (2) - CENTAURY,,ready,,Y,0,43,71058573,Madinat Hind 4,,,,
Peninsula One,,ready,,Y,0,37,70748945,BUSINESS BAY,,,,
VIDA Residences Dubai Marina,,ready,,Y,0,16,70545952,DUBAI MARINA,,,,
REEM - MIRA OASIS COMMUNITY PHASE 3,,ready,,Y,0,25,70440500,MIRA,,,,
ACACIA AVENUES,,ready,,Y,0,7,70350000,SUFOUH GARDENS,,,,
TOWN SQUARE HAYAT,,ready,,Y,0,31,69904507,TOWN SQUARE,,,,
PARAMOUNT TOWER HOTEL & RESIDENCES,,ready,,Y,0,38,69825885,BUSINESS BAY,,,,
DAMAC LAGOONS - NICE 1,,ready,,Y,0,23,69694500,Al Hebiah Fifth,,,,
MEWS MANSIONS,,ready,,Y,0,1,69500000,MEDYAN RACE COURSE VILLAS,,,,
MARINA VISTA,,ready,,Y,0,24,69448500,DUBAI HARBOUR,,,,
The Lakes Ghadeer,,ready,,Y,0,13,69001615,THE LAKES,,,,
The Cove,,ready,,Y,0,25,68277888,DUBAI CREEK HARBOUR,,,,
THE RESIDENCES AT MARINA GATE 2,,ready,,Y,0,26,67966123,DUBAI MARINA,,,,
Greenview,,ready,,Y,0,27,67854179,EMAAR SOUTH,,,,
Canal Front Residences-CF5&CF6,,ready,,Y,0,16,67695000,DUBAI WATER CANAL,,,,
Jebel Ali Village,,ready,,Y,0,7,67462198,Jabal Ali First,,,,
GardeniaTownHomes @ wasl gate,,ready,,Y,0,22,67352422,Jabal Ali First,,,,
DAMAC HILLS - GOLF PROMENADE,,ready,,Y,0,52,66918266,DAMAC HILLS,,,,
Jadeel -Madinat Jumeirah Living,,ready,,Y,0,20,66887693,Um Suqaim Third,,,,
REEM TOWNHOUSES,,ready,,Y,0,26,66880000,Al Yelayiss 2,,,,
DAMAC ISLANDS - FIJI 2,,ready,,Y,0,22,66704860,Al Yelayiss 1,,,,
Seagate,,ready,,Y,0,30,66624094,MINA RASHID,,,,
BEACH VISTA,,ready,,Y,0,18,66516001,DUBAI HARBOUR,,,,
Arabian Ranches III - JOY,,ready,,Y,0,24,66425000,ARABIAN RANCHES III,,,,
Arabian Ranches - Lila Community,,ready,,Y,0,13,66347796,ARABIAN RANCHES II,,,,
WILTON TERRACES,,ready,,Y,0,45,66299141,SOBHA HEARTLAND,,,,
RAWDA APARTMENTS,,ready,,Y,0,59,65695180,TOWN SQUARE,,,,
SLS DUBAI,,ready,,Y,0,35,65358660,BUSINESS BAY,,,,
AYKON CITY,,ready,,Y,0,66,65176381,BUSINESS BAY,,,,
DAMAC HILLS (2) - VARDON,,ready,,Y,0,53,64707156,Madinat Hind 4,,,,
FIVE LUXE,,ready,,Y,0,21,64307563,Marsa Dubai,,,,
LIVING LEGENDS PHASE 1,,ready,,Y,0,15,64063014,LIVING LEGENDS,,,,
Emirates Living - Springs 7,,ready,,Y,0,18,63600331,EMIRATE LIVING,,,,
Adhara Star,,ready,,Y,0,42,63200749,ARJAN,,,,
REEM-MIRA COMMUNITY PH 4,,ready,,Y,0,21,62788624,MIRA,,,,
Asayel at Madinat Jumeirah Living,,ready,,Y,0,20,62698319,JUMEIRAH LIVING,,,,
Fairway Villas,,ready,,Y,0,15,62654554,Madinat Al Mataar,,,,
5242,,ready,,Y,0,17,62617422,DUBAI MARINA,,,,
Dubai Hills - Hills View Community,,ready,,Y,0,1,62500000,DUBAI HILLS,,,,
Creek Gate,,ready,,Y,0,28,62454669,DUBAI CREEK HARBOUR,,,,
DUBAI MARINA MALL,,ready,,Y,0,33,62363154,DUBAI MARINA,,,,
Emirates Living - Springs 5,,ready,,Y,0,17,62282937,EMIRATE LIVING,,,,
GOLF LINKS,,ready,,Y,0,17,62225055,EMAAR SOUTH,,,,
DAMAC LAGOONS - MYKONOS,,ready,,Y,0,26,62136459,Al Hebiah Fifth,,,,
KENSINGTON WATERS,,ready,,Y,0,29,62000323,SOBHA HEARTLAND,,,,
THE DOME TOWER,,ready,,Y,0,32,61988364,JUMEIRAH LAKES TOWERS,,,,
PRIVE BY DAMAC,,ready,,Y,0,58,61962650,BUSINESS BAY,,,,
TOWN SQUARE SAFI,,ready,,Y,0,52,61284964,TOWN SQUARE,,,,
ARABIAN RANCHES- AZALEA COMMUNITY,,ready,,Y,0,12,61088440,ARABIAN RANCHES II,,,,
LIV MARINA,,ready,,Y,0,17,61077264,DUBAI MARINA,,,,
AMALIA RESIDENCES,,ready,,Y,0,49,61008719,AL FURJAN,,,,
JUMEIRAH HEIGHTS CLUSTERS,,ready,,Y,0,18,60980775,JUMEIRAH HEIGHTS,,,,
Grand Polo - Chevalia Estate 2,EMAAR DEVELOPMENT P.J.S.C.,ready,Y,Y,0,5,60976542,Dubai Investment Park Second,,ACTIVE,0.55,Y
THE WINGS,,ready,,Y,0,156,60853723,ARJAN,,,,
CLUB VILLAS,,ready,,Y,0,1,60000000,PALM JUMEIRAH,,,,
DAMAC ISLANDS - BALI 3,,ready,,Y,0,19,59994570,Al Yelayiss 1,,,,
The Oasis - Palmiera 3,,ready,,Y,0,7,59955862,Me'Aisem Second,,,,
Villanova Amaranta B,,ready,,Y,0,26,59697707,VILLANOVA,,,,
Villanova Amaranta,,ready,,Y,0,25,59627109,VILLANOVA,,,,
LA AVENIDA-2,,ready,,Y,0,6,59414210,ARABIAN RANCHES I,,,,
REEM-MIRA COMMUNITY PH 2,,ready,,Y,0,22,59186528,MIRA,,,,
Sobha Hartland Waves Grande,,ready,,Y,0,38,59077671,SOBHA HEARTLAND,,,,
Island Park II,,ready,,Y,0,25,58724647,DUBAI CREEK HARBOUR,,,,
SOL BAY,,ready,,Y,0,25,58571405,BUSINESS BAY,,,,
Mohammed Bin Rashid Al Maktoum City  District One- C Villas,,ready,,Y,0,7,58463000,Al Merkadh,,,,
Madinat Jumeriah Living - Phase 2,,ready,,Y,0,15,58434855,JUMEIRAH LIVING,,,,
JUMEIRAH LIVING MARINA GATE,,ready,,Y,0,18,58434169,Marsa Dubai,,,,
J ONE,,ready,,Y,0,14,58407366,BUSINESS BAY,,,,
HARBOUR RESIDENCES,,ready,,Y,0,31,58247000,DUBAI MARINA,,,,
ACACIA AT PARK HEIGHTS,,ready,,Y,0,19,58115448,DUBAI HILLS,,,,
Greenview 2,,ready,,Y,0,24,57895944,EMAAR SOUTH,,,,
Canal Front Residences-CF7 & CF8 & CF9,,ready,,Y,0,13,57868993,DUBAI WATER CANAL,,,,
Hadley Heights,,ready,,Y,0,48,57774764,JUMEIRAH VILLAGE CIRCLE,,,,
Greenview 3,,ready,,Y,0,20,57694198,Madinat Al Mataar,,,,
DM MARINA PLAZA,,ready,,Y,0,6,57481316,DUBAI MARINA,,,,
CREEK CRESCENT,,ready,,Y,0,20,57408002,DUBAI CREEK HARBOUR,,,,
DAMAC HILLS- PELHAM,,ready,,Y,0,17,57369111,DAMAC HILLS,,,,
Sobha Creek vistas Reserve,,ready,,Y,0,53,57241396,SOBHA HEARTLAND,,,,
JUMEIRAH BUSINESS CENTRE2,,ready,,Y,0,21,56856403,JUMEIRAH LAKES TOWERS,,,,
SKYZ By Danube,,ready,,Y,0,81,56602999,ARJAN,,,,
The Autograph-G Series,,ready,,Y,0,1,56600303,JUMEIRAH VILLAGE CIRCLE,,,,
IRIS BAY,,ready,,Y,0,17,56532620,BUSINESS BAY,,,,
Park Gate,,ready,,Y,0,5,56150075,Hadaeq Sheikh Mohammed Bin Rashid,,,,
DAMAC HILLS (2) - ZINNIA,,ready,,Y,0,36,56054097,Madinat Hind 4,,,,
Emirates Living - Springs 8,,ready,,Y,0,16,55537510,EMIRATE LIVING,,,,
SWISS TOWER,,ready,,Y,0,5,55527524,JUMEIRAH LAKES TOWERS,,,,
DAMAC HILLS (2) - ASTER,,ready,,Y,0,32,55360743,Madinat Hind 4,,,,
Azizi Riviera 46,,ready,,Y,0,22,55356432,MEYDAN ONE,,,,
Azizi Riviera 57,,ready,,Y,0,1,55200000,MEYDAN ONE,,,,
CREEK EDGE,,ready,,Y,0,29,54791489,DUBAI CREEK HARBOUR,,,,
DAMAC LAGOONS - MARBELLA,,ready,,Y,0,26,54764363,Al Hebiah Fifth,,,,
DAMAC HILLS - ROCHESTER,,ready,,Y,0,18,54633467,DAMAC HILLS,,,,
CLOVER BAY,,ready,,Y,0,23,54602611,BUSINESS BAY,,,,
The Lakes Zulal,,ready,,Y,0,12,54556300,THE LAKES,,,,
SILVER TOWER,,ready,,Y,0,32,54212291,BUSINESS BAY,,,,
Binghatti Avenue,,ready,,Y,0,46,53877862,DUBAI HEALTHCARE CITY - PHASE 2,,,,
ELLINGTON BEACH HOUSE,,ready,,Y,0,9,53876221,PALM JUMEIRAH,,,,
Azizi Samia Residence,,ready,,Y,0,31,53600707,AL FURJAN,,,,
URBAN OASIS,,ready,,Y,0,19,53363744,BUSINESS BAY,,,,
MICASA AVENUE,,ready,,Y,0,62,53145000,AL FURJAN,,,,
Mohammed Bin Rashid Al Maktoum City District One  B Extension Villas,,ready,,Y,0,5,52900043,Al Merkadh,,,,
DAMAC HILLS (2)  - SANCTNARY,,ready,,Y,0,32,52745841,Madinat Hind 4,,,,
Palm Jebel Ali - Frond O,,ready,,Y,0,2,52551430,Palm Jabal Ali,,,,
"Mohammed Bin Rashid Al Maktoum City , District One Phase III  , Residences 26",,ready,,Y,0,31,52119038,MBR DISTRICT 1,,,,
OPAL TOWER,,ready,,Y,0,25,51957060,BUSINESS BAY,,,,
Arabian Ranches-Casa Community,,ready,,Y,0,11,51939684,ARABIAN RANCHES II,,,,
Nad Al Sheba Gardens Phase 10,,ready,,Y,0,3,51890000,Nad Al Shiba First,,,,
Azizi Riviera 53,,ready,,Y,0,1,51780000,MEYDAN ONE,,,,
TOWN SQUARE JENNA AND WARDA,,ready,,Y,0,45,51771217,TOWN SQUARE,,,,
La Rosa Phase 2,,ready,,Y,0,18,51741000,VILLANOVA,,,,
THE POLO TOWN HOUSES,,ready,,Y,0,11,51730023,POLO TOWNHOUSES IGO,,,,
SEASONS COMMUNITY- SUMMER,,ready,,Y,0,33,51651498,JUMEIRAH VILLAGE CIRCLE,,,,
DAMAC HILLS - CARSON,,ready,,Y,0,75,51638955,DAMAC HILLS,,,,
Binghatti Onyx,,ready,,Y,0,39,51545540,JUMEIRAH VILLAGE CIRCLE,,,,
SOBHA HARTLAND VILLAS-PHASE 1,,ready,,Y,0,4,51464400,SOBHA HEARTLAND,,,,
JUMEIRAH BUSINESS CENTRE 4,,ready,,Y,0,16,51409647,JUMEIRAH LAKES TOWERS,,,,
MAG218,,ready,,Y,0,35,51013055,DUBAI MARINA,,,,
Sobha Hartland Waves,,ready,,Y,0,44,50991047,SOBHA HEARTLAND,,,,
DAMAC HILLS - THE FIELD,,ready,,Y,0,7,50852533,DAMAC HILLS,,,,
The Lakes Deema 4,,ready,,Y,0,6,50742581,THE LAKES,,,,
LIVING LEGENDS PHASE 2,,ready,,Y,0,11,50714817,LIVING LEGENDS,,,,
DAMAC HILLS (2) - AQUILEGIA,,ready,,Y,0,31,50560016,Madinat Hind 4,,,,
Canal Front Residences CF1 & CF2,,ready,,Y,0,11,50461567,DUBAI WATER CANAL,,,,
MBL RESIDENCE,,ready,,Y,0,26,50293617,JUMEIRAH LAKES TOWERS,,,,
014 TOWER,,ready,,Y,0,8,50094438,BUSINESS BAY,,,,
AG TOWER,,ready,,Y,0,33,49925615,BUSINESS BAY,,,,
STELLA MARIS,,ready,,Y,0,15,49602500,DUBAI MARINA,,,,
DAMAC HILLS (2) - CLARET,,ready,,Y,0,22,49318739,Madinat Hind 4,,,,
BURJ VIEWS,,ready,,Y,0,32,49306121,BURJ KHALIFA,,,,
La Quinta,,ready,,Y,0,13,49246023,VILLANOVA,,,,
AYKON CITY 2,,ready,,Y,0,40,49189431,BUSINESS BAY,,,,
PALAZZO VERSACE,,ready,,Y,0,8,49151652,JADDAF WATERFRONT,,,,
MIDTOWN - AFNAN,,ready,,Y,0,61,48930783,DUBAI PRODUCTION CITY,,,,
DAMAC HILLS - ROCKWOOD,,ready,,Y,0,14,48874883,DAMAC HILLS,,,,
ALEF NOON RESIDENCE,,ready,,Y,0,50,48803628,JUMEIRAH VILLAGE CIRCLE,,,,
Binghatti Amber,,ready,,Y,0,43,48675887,JUMEIRAH VILLAGE CIRCLE,,,,
Park Point,,ready,,Y,0,26,48015399,DUBAI HILLS,,,,
NOBLES,,ready,,Y,0,34,47892117,BUSINESS BAY,,,,
Azizi Riviera 62,,ready,,Y,0,1,47800000,MEYDAN ONE,,,,
THE ONE JBR,,ready,,Y,0,4,47800000,JUMEIRAH BEACH RESIDENCE,,,,
Sur La Mer,,ready,,Y,0,3,47650000,LA MER,,,,
Arabian Ranches lll - Bliss 2,,ready,,Y,0,16,47595000,Wadi Al Safa 5,,,,
BURLINGTON TOWER,,ready,,Y,0,23,47574425,BUSINESS BAY,,,,
THE RESIDENCES AT MARINA GATE 1,,ready,,Y,0,15,47343534,DUBAI MARINA,,,,
DAMAC HILLS (2) - JUNIPER,,ready,,Y,0,22,47256095,Madinat Hind 4,,,,
The Valley - Eden,,ready,,Y,0,21,47148225,THE VALLEY,,,,
LAGUNA TOWER,,ready,,Y,0,32,47125683,JUMEIRAH LAKES TOWERS,,,,
THE HAVEN,,ready,,Y,0,50,46904905,MAJAN,,,,
DAMAC HILLS-PARK RESIDENCES 4,,ready,,Y,0,15,46475000,DAMAC HILLS,,,,
Opalz By Danube,,ready,,Y,0,52,46214214,DUBAI SCIENCE PARK,,,,
GEMZ by Danube,,ready,,Y,0,30,46212500,AL FURJAN,,,,
Azizi Riviera 64,,ready,,Y,0,1,45950000,MEYDAN ONE,,,,
NO.9 & NO.10 CITYWALK RESIDENTIAL,,ready,,Y,0,10,45910742,CITY WALK,,,,
Palm Jebel Ali - Frond D,,ready,,Y,0,2,45770550,Palm Jabal Ali,,,,
MARQUISE SQUARE TOWER,,ready,,Y,0,26,45768751,BUSINESS BAY,,,,
The Nook,,ready,,Y,0,46,45694480,Jabal Ali First,,,,
ELITE RESIDENCE,,ready,,Y,0,28,45544425,DUBAI MARINA,,,,
CLAREN 1,,ready,,Y,0,27,45453000,BURJ KHALIFA,,,,
DUBAI STAR,,ready,,Y,0,29,45313476,JUMEIRAH LAKES TOWERS,,,,
THE BINARY BY OMNIYAT,,ready,,Y,0,15,45279994,BUSINESS BAY,,,,
AMARANTA 2,,ready,,Y,0,22,45241781,VILLANOVA,,,,
MIDTOWN - NOOR,,ready,,Y,0,52,45186638,DUBAI PRODUCTION CITY,,,,
AZURE RESIDENCE,,ready,,Y,0,14,45168512,PALM JUMEIRAH,,,,
PLAZA RESIDENCES,,ready,,Y,0,50,45058942,JUMEIRAH VILLAGE CIRCLE,,,,
HDS BUSINESS CENTRE,,ready,,Y,0,21,44992348,JUMEIRAH LAKES TOWERS,,,,
OCEAN HEIGHTS,,ready,,Y,0,20,44643269,DUBAI MARINA,,,,
DAMAC HILLS (2) - VERONA,,ready,,Y,0,36,44397884,Madinat Hind 4,,,,
Park Heights I,,ready,,Y,0,22,44382578,DUBAI HILLS,,,,
Emirates Living - Springs 6,,ready,,Y,0,14,44380000,EMIRATE LIVING,,,,
O10,,ready,,Y,0,33,44240735,DUBAI HEALTHCARE CITY - PHASE 2,,,,
Canal Front Residences-CF3&CF4,,ready,,Y,0,11,43855745,DUBAI WATER CANAL,,,,
LAKESIDE,,ready,,Y,0,97,43777493,DUBAI PRODUCTION CITY,,,,
MARINA QUAYS,,ready,,Y,0,17,43739991,DUBAI MARINA,,,,
SAFI TOWNHOUSES,,ready,,Y,0,17,43657225,TOWN SQUARE,,,,
CLOUD Tower,,ready,,Y,0,53,43654020,JUMEIRAH VILLAGE TRIANGLE,,,,
Azizi Riviera 54,,ready,,Y,0,1,43510000,MEYDAN ONE,,,,
EXECUTIVE HEIGHT,,ready,,Y,0,14,43414546,BARSHA HEIGHTS,,,,
Azizi Riviera 37,,ready,,Y,0,15,43326116,MEYDAN ONE,,,,
HAYAT BOULEVARD,,ready,,Y,0,43,42948493,TOWN SQUARE,,,,
MBL Royal,,ready,,Y,0,16,42843315,JUMEIRAH LAKES TOWERS,,,,
DAMAC HILLS (2) - VICTORIA,,ready,,Y,0,34,42767550,Madinat Hind 4,,,,
The Paragon By IGO,,ready,,Y,0,29,42742000,BUSINESS BAY,,,,
Bloom Towers,,ready,,Y,0,59,42291365,JUMEIRAH VILLAGE CIRCLE,,,,
Villanova Amaranta 3,,ready,,Y,0,19,42256321,VILLANOVA,,,,
MADA RESIDENCES TOWER,,ready,,Y,0,16,42229000,BURJ KHALIFA,,,,
MARINA STAR,,ready,,Y,0,14,42127262,DUBAI MARINA,,,,
Azizi Riviera 44,,ready,,Y,0,11,41902529,MEYDAN ONE,,,,
SOBHA HARTLAND GREENS PHASE II,,ready,,Y,0,23,41735295,SOBHA HEARTLAND,,,,
17 ICON BAY,,ready,,Y,0,23,41317347,DUBAI CREEK HARBOUR,,,,
Binghatti Azure,,ready,,Y,0,48,41287061,JUMEIRAH VILLAGE CIRCLE,,,,
CASA FLORES AND EDEN APARTMENTS,,ready,,Y,0,33,41002956,MOTOR CITY,,,,
DAMAC HILLS (2) - ALBIZIA,,ready,,Y,0,33,40979818,Madinat Hind 4,,,,
LA RIVE,,ready,,Y,0,15,40910007,LA MER,,,,
GRANDEUR RESIDENCES,,ready,,Y,0,15,40707758,PALM JUMEIRAH,,,,
DAMAC HILLS (2) - AVENCIA-2,,ready,,Y,0,32,40468201,Madinat Hind 4,,,,
Studio One,,ready,,Y,0,31,40402996,DUBAI MARINA,,,,
Creek Beach - VIDA Residences,,ready,,Y,0,16,40385003,DUBAI CREEK HARBOUR,,,,
Azizi Riviera 43,,ready,,Y,0,18,40343942,MEYDAN ONE,,,,
DAMAC HILLS - LORETO,,ready,,Y,0,36,40204323,DAMAC HILLS,,,,
REGAL TOWER,,ready,,Y,0,16,40150209,BUSINESS BAY,,,,
Zhoug guo jia,,ready,,Y,0,1,40000000,INTERNATIONAL CITY PH 1,,,,
ORANGE LAKE,,ready,,Y,0,5,39977900,JUMEIRAH GOLF,,,,
Ahad Residences,,ready,,Y,0,23,39791271,BUSINESS BAY,,,,
CELESTIA,,ready,,Y,0,62,39193116,DUBAI SOUTH,,,,
Arabian Ranches - Alvorada II,,ready,,Y,0,6,39120000,ARABIAN RANCHES I,,,,
BLOOM HEIGHTS,,ready,,Y,0,42,39024965,JUMEIRAH VILLAGE CIRCLE,,,,
ROYAL GOLF VILLAS,,ready,,Y,0,2,39000005,JUMEIRAH GOLF,,,,
MIDTOWN - MESK,,ready,,Y,0,37,38733032,DUBAI PRODUCTION CITY,,,,
Sevilla Village,,ready,,Y,0,7,38730000,Al Hebiah Fourth,,,,
RP HEIGHTS,,ready,,Y,0,12,38698000,BURJ KHALIFA,,,,
Hills Park,,ready,,Y,0,25,38509000,Hadaeq Sheikh Mohammed Bin Rashid,,,,
DAMAC HILLS (2) - AMAZONIA,,ready,,Y,0,23,38198005,Madinat Hind 4,,,,
Arabian Ranches lll - Raya,,ready,,Y,0,16,38100659,Wadi Al Safa 5,,,,
DD BOULEVARD CENTRAL,,ready,,Y,0,22,38059524,BURJ KHALIFA,,,,
Oxford Gardens,,ready,,Y,0,39,38057744,ARJAN,,,,
DAMAC HILLS-VENETO,,ready,,Y,0,6,37927851,DAMAC HILLS,,,,
Sobha Hartland One Park Avenue,,ready,,Y,0,18,37885000,SOBHA HEARTLAND,,,,
Continental Tower,,ready,,Y,0,15,37873419,DUBAI MARINA,,,,
DAMAC HILLS (2) - NATURA,,ready,,Y,0,30,37870864,Madinat Hind 4,,,,
Creek Beach - Lotus,,ready,,Y,0,18,37644616,DUBAI CREEK HARBOUR,,,,
Creek Beach - Orchid,,ready,,Y,0,18,37561377,DUBAI CREEK HARBOUR,,,,
REEM-MIRA COMMUNITY PH 1,,ready,,Y,0,14,37423464,MIRA,,,,
THE ANWA BY OMNIYAT,,ready,,Y,0,19,37207408,DUBAI MARITIME CITY,,,,
DAMAC HILLS (2) - VIRIDIS,,ready,,Y,0,60,37193450,Madinat Hind 4,,,,
DAMAC HILLS - GOLF GATE,,ready,,Y,0,34,37013906,DAMAC HILLS,,,,
DAMAC HILLS - WHITEFIELD,,ready,,Y,0,6,36920000,DAMAC HILLS,,,,
Celine By Vision,,ready,,Y,0,44,36909010,LIWAN,,,,
Binghatti Corner,,ready,,Y,0,36,36902238,JUMEIRAH VILLAGE CIRCLE,,,,
DD STAND POINT,,ready,,Y,0,19,36850952,BURJ KHALIFA,,,,
Azizi Riviera 48,,ready,,Y,0,10,36756938,MEYDAN ONE,,,,
Marbella Village,,ready,,Y,0,10,36746694,DUBAI SPORTS CITY,,,,
SHAMS TOWNHOUSES,,ready,,Y,0,14,36676250,Al Yelayiss 2,,,,
Jebel Ali Village Townhouses - Phase 3,,ready,,Y,0,8,36623100,Jabal Ali First,,,,
Collective,,ready,,Y,0,33,36614772,DUBAI HILLS,,,,
The Terraces,,ready,,Y,0,17,36588000,SOBHA HEARTLAND,,,,
Bayz Tower,,ready,,Y,0,37,36477905,BUSINESS BAY,,,,
Binghatti Canal,,ready,,Y,0,18,36441265,BUSINESS BAY,,,,
ONTARIO TOWER,,ready,,Y,0,21,36405865,BUSINESS BAY,,,,
BELLEVUE TOWERS,,ready,,Y,0,21,36379157,BURJ KHALIFA,,,,
DAMAC HILLS (2) - BASSWOOD,,ready,,Y,0,28,36322000,Madinat Hind 4,,,,
Farhad Azizi Residence,,ready,,Y,0,39,36173544,DUBAI HEALTHCARE CITY - PHASE 2,,,,
Madinat Jumeirah Living,,ready,,Y,0,9,36076500,JUMEIRAH LIVING,,,,
ZADA TOWER,,ready,,Y,0,37,36057736,BUSINESS BAY,,,,
BLVD CRESCENT,,ready,,Y,0,11,35957606,BURJ KHALIFA,,,,
INDIGO TOWER,,ready,,Y,0,29,35920985,JUMEIRAH LAKES TOWERS,,,,
MAG 5 BOULEVARD,,ready,,Y,0,59,35840737,DUBAI SOUTH,,,,
REEF TOWER,,ready,,Y,0,5,35809331,JUMEIRAH LAKES TOWERS,,,,
The Acres 2 & Estates 2,,ready,,Y,0,2,35780000,Wadi Al Safa 7,,,,
HAMENI,,ready,,Y,0,34,35664969,JUMEIRAH VILLAGE CIRCLE,,,,
ARABIAN RANCHES - PALMA COMMUNITY,,ready,,Y,0,8,35640003,ARABIAN RANCHES II,,,,
BAY CENTRAL WEST & CENTRAL TOWERS,,ready,,Y,0,28,35590714,DUBAI MARINA,,,,
Divine Living,,ready,,Y,0,26,35449800,ARJAN,,,,
Le Parc Homes,,ready,,Y,0,8,35438000,JUMEIRAH VILLAGE CIRCLE,,,,
DAMAC HILLS -  TOPANGA,,ready,,Y,0,10,35419323,DAMAC HILLS,,,,
LIVA,,ready,,Y,0,53,35365399,TOWN SQUARE,,,,
PLATINUM TOWER,,ready,,Y,0,17,35336756,JUMEIRAH LAKES TOWERS,,,,
ARABIAN GATE,,ready,,Y,0,45,35306907,SILICON OASIS,,,,
Azizi Riviera 36,,ready,,Y,0,7,35057510,MEYDAN ONE,,,,
THE ATRIA,,ready,,Y,0,15,34978862,BUSINESS BAY,,,,
TERHAB HOTEL & TOWERS AT JUMEIRAH VILLAGE TRIANGLE,,ready,,Y,0,49,34926749,JUMEIRAH VILLAGE TRIANGLE,,,,
DREAMZ,,ready,,Y,0,12,34814925,AL FURJAN,,,,
Creek Beach - Breeze,,ready,,Y,0,16,34708507,DUBAI CREEK HARBOUR,,,,
LAGO VISTA,,ready,,Y,0,54,34687508,DUBAI PRODUCTION CITY,,,,
DT 1,,ready,,Y,0,12,34399071,BURJ KHALIFA,,,,
THE RESIDENCE AT BUSINESS CENTRAL,,ready,,Y,0,14,34266505,BUSINESS BAY,,,,
WESTERN RESIDENCE - NORTH,,ready,,Y,0,10,34126878,FALCON CITY OF WONDERS,,,,
SOBHA HARTLAND GREENS- PHASE I,,ready,,Y,0,18,34029306,SOBHA HEARTLAND,,,,
Private Residences Dubai,,ready,,Y,0,1,34000003,DUBAI WATER CANAL,,,,
WILTON PARK RESIDENCES,,ready,,Y,0,21,33992264,SOBHA HEARTLAND,,,,
NASEEM TOWNHOUSES,,ready,,Y,0,16,33864681,Al Yelayiss 2,,,,
Roy Mediterranean Hotel Apartments,,ready,,Y,0,19,33723091,AL FURJAN,,,,
15 Northside,,ready,,Y,0,32,33659257,BUSINESS BAY,,,,
Avelon Boulevard,,ready,,Y,0,45,33567474,ARJAN,,,,
La Rosa 3,,ready,,Y,0,14,33285800,VILLANOVA,,,,
"NO. 4A, NO.4B, NO.5 CITYWALK RESIDENTIAL",,ready,,Y,0,8,33045000,CITY WALK,,,,
The Lakes - Deema 1,,ready,,Y,0,5,33007958,THE LAKES,,,,
EMPIRE HEIGHTS,,ready,,Y,0,14,33003832,BUSINESS BAY,,,,
EMERALD PALACE KEMPINSKI HOTEL,,ready,,Y,0,2,32932500,PALM JUMEIRAH,,,,
The Pulse Villas,,ready,,Y,0,15,32894558,DUBAI SOUTH,,,,
DAMAC HILLS (2) - AMARGO,,ready,,Y,0,25,32846282,Madinat Hind 4,,,,
PEARLZ by Danube,,ready,,Y,0,29,32800000,AL FURJAN,,,,
AL SEEF II,,ready,,Y,0,14,32748736,JUMEIRAH LAKES TOWERS,,,,
The Lakes Deema 3,,ready,,Y,0,4,32706500,THE LAKES,,,,
RED WOOD PARK,,ready,,Y,0,5,32695000,JUMEIRAH GOLF,,,,
DAMAC LAGOONS - NICE 2,,ready,,Y,0,13,32677002,Al Hebiah Fifth,,,,
SAMA TOWNHOUSES,,ready,,Y,0,13,32630000,Al Yelayiss 2,,,,
I - RISE TOWER,,ready,,Y,0,15,32572421,BARSHA HEIGHTS,,,,
ARABIAN RANCHES - YASMIN COMMUNITY,,ready,,Y,0,4,32547247,ARABIAN RANCHES II,,,,
BELGRAVIA III,,ready,,Y,0,24,32418692,JUMEIRAH VILLAGE CIRCLE,,,,
MARINASCAPE,,ready,,Y,0,11,32362000,DUBAI MARINA,,,,
SABA TOWER 1,,ready,,Y,0,7,32248636,JUMEIRAH LAKES TOWERS,,,,
Lawnz Residence by Danube,,ready,,Y,0,44,32160498,INTERNATIONAL CITY PH 1,,,,
Golf Views,,ready,,Y,0,24,32131356,EMAAR SOUTH,,,,
DAMAC HILLS - ARTESIA,,ready,,Y,0,35,31838954,DAMAC HILLS,,,,
SMART HEIGHTS,,ready,,Y,0,18,31804237,BARSHA HEIGHTS,,,,
BANYAN TREE RESIDENCES HILLSIDE DUBAI,,ready,,Y,0,11,31708025,JUMEIRAH LAKES TOWERS,,,,
Azizi Riviera 41,,ready,,Y,0,11,31606926,MEYDAN ONE,,,,
Lagoon Views at District One,,ready,,Y,0,7,31606003,MBR DISTRICT 1,,,,
BONNINGTON TOWER HOTEL & RESIDENCE DUBAI,,ready,,Y,0,20,31532799,JUMEIRAH LAKES TOWERS,,,,
Palma Residence,,ready,,Y,0,3,31449711,PALM JUMEIRAH,,,,
UPPER CREST,,ready,,Y,0,17,31386175,BURJ KHALIFA,,,,
THE REGENT,,ready,,Y,0,23,31376893,Al Yelayiss 2,,,,
UPSIDE Living,,ready,,Y,0,27,31376242,BUSINESS BAY,,,,
ME DO RE,,ready,,Y,0,12,31361940,JUMEIRAH LAKES TOWERS,,,,
Greenfield 2 by Samana Developers,SAMANA PLATINUM REAL ESTATE DEVELOPMENT L.L.C,ready,Y,Y,0,1,31300000,INTERNATIONAL CITY PH 2 & 3,,PENDING,0,
MURABA RESIDENCES PALM JUMERIAH,,ready,,Y,0,4,31236989,PALM JUMEIRAH,,,,
SIRAJ TOWER,,ready,,Y,0,31,31213700,ARJAN,,,,
Resortz Residence,,ready,,Y,0,40,31171360,ARJAN,,,,
DAMAC HILLS (2) - COURSETIA,,ready,,Y,0,16,31114000,Madinat Hind 4,,,,
WEST FIVE BUSINESS BAY RESIDENCES,,ready,,Y,0,23,30973388,BUSINESS BAY,,,,
Arabian Ranches - Alvorada III,,ready,,Y,0,3,30800000,ARABIAN RANCHES I,,,,
La Violeta 1,,ready,,Y,0,10,30760002,VILLANOVA,,,,
Celesto Tower 3,TARRAD REAL ESTATE DEVELOPMENT L.L.C,ready,Y,Y,0,1,30550000,DUBAI LAND RESIDENCE COMPLEX,,PENDING,0,
DAMAC HILLS (2) - SYCAMORE,,ready,,Y,0,18,30420300,Madinat Hind 4,,,,
La Rosa 5,,ready,,Y,0,9,30411000,VILLANOVA,,,,
DAMAC HILLS - QUEENS MEADOW,,ready,,Y,0,9,30183000,DAMAC HILLS,,,,
GEMINI SPLENDOR,,ready,,Y,0,19,30035194,SOBHA HEARTLAND,,,,
Port De La Mer - La Sirene 2,,ready,,Y,0,11,29985000,LA MER,,,,
THE CRESCENT,,ready,,Y,0,45,29851001,DUBAI PRODUCTION CITY,,,,
DUBAI ARCH TOWER,,ready,,Y,0,12,29708266,JUMEIRAH LAKES TOWERS,,,,
Sobha Hartland Greens - Phase III,,ready,,Y,0,34,29691898,SOBHA HEARTLAND,,,,
BOTANICA,,ready,,Y,0,36,29679668,DUBAI MARINA,,,,
WARSAN VILLAGE A,,ready,,Y,0,17,29607056,INTERNATIONAL CITY PH 1,,,,
PANORAMA,,ready,,Y,0,9,29574656,THE GREENS,,,,
SPARKLE TOWERS,,ready,,Y,0,16,29529843,DUBAI MARINA,,,,
The Oasis - Palmiera 2,,ready,,Y,0,4,29499439,Me'Aisem Second,,,,
DAMAC HILLS - GEMS ESTATES 1,,ready,,Y,0,2,29468960,Al Hebiah Third,,,,
CANAL RESIDENCE WEST (PHASE 1),,ready,,Y,0,34,29398172,DUBAI SPORTS CITY,,,,
Golf Suites - Dubai Hills,,ready,,Y,0,14,29329881,DUBAI HILLS,,,,
Binghatti Gardenia,,ready,,Y,0,26,29254250,JUMEIRAH VILLAGE CIRCLE,,,,
DAMAC HILLS (2) - MIMOSA,,ready,,Y,0,22,29150008,Madinat Hind 4,,,,
Azizi Riviera 25,,ready,,Y,0,6,29049707,MEYDAN ONE,,,,
RUKAN,,ready,,Y,0,48,28994212,Wadi Al Safa 7,,,,
Collective 2.0,,ready,,Y,0,24,28965847,DUBAI HILLS,,,,
DAMAC HILLS (2) - VIOLET,,ready,,Y,0,27,28921365,Madinat Hind 4,,,,
ARABIAN RANCHES - SAMARA COMMUNITY,,ready,,Y,0,10,28857279,ARABIAN RANCHES II,,,,
Eywa The Way Of Water,REVOLUTION PALM REAL ESTATE L.L.C,ready,Y,Y,0,1,28741220,BUSINESS BAY,,ACTIVE,0,Y
Gardenia Townhomes II,,ready,,Y,0,7,28700000,Jabal Ali First,,,,
Mudon Views,,ready,,Y,0,22,28675414,MUDON,,,,
Five at Jumeirah Village Circle Dubai,,ready,,Y,0,19,28655774,JUMEIRAH VILLAGE CIRCLE,,,,
ZABEEL SARAY,,ready,,Y,0,1,28600000,PALM JUMEIRAH,,,,
SKY VIEW TOWER,,ready,,Y,0,14,28587573,DUBAI MARINA,,,,
ROYAL OCEANIC TOWER,,ready,,Y,0,13,28345000,DUBAI MARINA,,,,
DAYTONA HOUSE,,ready,,Y,0,7,28260000,MOTOR CITY,,,,
THE POINT,,ready,,Y,0,13,28246500,DUBAI MARINA,,,,
Grand Polo - Selvara 2,,ready,,Y,0,4,28231552,Dubai Investment Park Second,,,,
TOWNHOUSES AT JUMEIRAH ISLANDS,,ready,,Y,0,6,28097020,JUMEIRAH ISLANDS,,,,
OAKLEY SQUARE RESIDENCES,,ready,,Y,0,21,28070000,JUMEIRAH VILLAGE CIRCLE,,,,
La Rosa 6,,ready,,Y,0,10,28006585,VILLANOVA,,,,
"NO.20, NO.21A, NO.21B AND NO.22 CITYWALK RESIDENTIAL",,ready,,Y,0,6,27932139,CITY WALK,,,,
Grand Polo - Chevalia Estate,,ready,,Y,0,2,27905776,Dubai Investment Park Second,,,,
CONCORDE TOWER,,ready,,Y,0,26,27895036,JUMEIRAH LAKES TOWERS,,,,
Azizi Riviera 39,,ready,,Y,0,9,27714251,MEYDAN ONE,,,,
PALLADIUM,,ready,,Y,0,19,27644591,JUMEIRAH LAKES TOWERS,,,,
Grand Polo - Selvara 3,,ready,,Y,0,4,27590552,Dubai Investment Park Second,,,,
Binghatti Creek,,ready,,Y,0,18,27389317,DUBAI HEALTHCARE CITY - PHASE 2,,,,
DAMAC HILLS - THE FLORA,,ready,,Y,0,3,27378780,DAMAC HILLS,,,,
URBANA,,ready,,Y,0,19,27103568,EMAAR SOUTH,,,,
BUSINESS AVENUE BB1,,ready,,Y,0,13,27088251,JUMEIRAH LAKES TOWERS,,,,
VOLANTE,,ready,,Y,0,1,27000000,BUSINESS BAY,,,,
VERA TOWER,,ready,,Y,0,22,26888717,BUSINESS BAY,,,,
Trillionaire Residences by Binghatti,,ready,,Y,0,15,26873007,Business Bay,,,,
REVA RESIDENCES,,ready,,Y,0,26,26750969,BUSINESS BAY,,,,
CENTRIUM TOWER,,ready,,Y,0,37,26711371,DUBAI PRODUCTION CITY,,,,
"NO.1, NO.2A, NO.2B, NO.3A AND 3B CITYWALK RESIDENTIAL",,ready,,Y,0,7,26648692,CITY WALK,,,,
BAYSWATER,,ready,,Y,0,12,26615473,BUSINESS BAY,,,,
DAMAC HILLS (2) - TRIXIS,,ready,,Y,0,15,26423000,Madinat Hind 4,,,,
SILICON GATE 1,,ready,,Y,0,39,26346044,SILICON OASIS,,,,
Riva Residence,,ready,,Y,0,6,26248000,DUBAI MARITIME CITY,,,,
Azizi Riviera 45,,ready,,Y,0,8,26120563,MEYDAN ONE,,,,
CITADEL TOWER,,ready,,Y,0,13,26109000,BUSINESS BAY,,,,
TANARO,,ready,,Y,0,10,26079052,THE GREENS,,,,
Jebel Ali Village Townhouses - Phase 2,,ready,,Y,0,6,26050008,Jabal Ali First,,,,
BUSINESS AVENUE BB2,,ready,,Y,0,13,26027050,JUMEIRAH LAKES TOWERS,,,,
GOLD CREST EXECUTIVE,,ready,,Y,0,25,25947271,JUMEIRAH LAKES TOWERS,,,,
REEM-MIRA COMMUNITY PH5,,ready,,Y,0,10,25938509,MIRA,,,,
GHALIA,,ready,,Y,0,36,25902200,JUMEIRAH VILLAGE CIRCLE,,,,
THE PAD,,ready,,Y,0,19,25896728,BUSINESS BAY,,,,
Azizi Star Hotel Apartments,,ready,,Y,0,34,25881020,AL FURJAN,,,,
VINCITORE PALACIO,,ready,,Y,0,33,25880577,ARJAN,,,,
DAMAC HILLS - BROOKFIELD-1,,ready,,Y,0,7,25863171,DAMAC HILLS,,,,
WATER'S EDGE,,ready,,Y,0,16,25764223,BUSINESS BAY,,,,
MERANO TOWER,,ready,,Y,0,26,25692646,BUSINESS BAY,,,,
ORRA MARINA,,ready,,Y,0,12,25636500,DUBAI MARINA,,,,
Belgravia 2,,ready,,Y,0,22,25546271,JUMEIRAH VILLAGE CIRCLE,,,,
GOLF TERRACES,,ready,,Y,0,1,25500000,DUBAI PRODUCTION CITY,,,,
THE COSMOPOLITAN,,ready,,Y,0,19,25481918,BUSINESS BAY,,,,
ALTIA ONE,,ready,,Y,0,20,25427000,SILICON OASIS,,,,
Azizi Riviera 47,,ready,,Y,0,11,25422928,MEYDAN ONE,,,,
ASCOT RESIDENCES,,ready,,Y,0,26,25404244,TOWN SQUARE,,,,
The Valley - Farm Grove,,ready,,Y,0,5,25384664,Al Yufrah 1,,,,
THE SIGNATURE,,ready,,Y,0,17,25357241,BURJ KHALIFA,,,,
AR II Camelia 2,,ready,,Y,0,11,25349844,ARABIAN RANCHES II,,,,
La Rosa,,ready,,Y,0,9,25289369,VILLANOVA,,,,
DAMAC HILLS - GOLF VITA,,ready,,Y,0,42,25142988,DAMAC HILLS,,,,
Jebel Ali Village Townhouses- Phase 1,,ready,,Y,0,5,25140000,Jabal Ali First,,,,
Villa Lantana 2,,ready,,Y,0,7,25138507,DUBAI SCIENCE PARK,,,,
JUMEIRAH PARK - PACKAGE 5A,,ready,,Y,0,4,25120000,JUMEIRAH PARK,,,,
BAHWAN TOWER,,ready,,Y,0,13,25114088,BURJ KHALIFA,,,,
THE DUBAI MALL,,ready,,Y,0,9,24915000,BURJ KHALIFA,,,,
Confident Adur,,ready,,Y,0,1,24870481,LIWAN,,,,
MIDTOWN - DANIA,,ready,,Y,0,27,24661280,DUBAI PRODUCTION CITY,,,,
AR II - Reem Community,,ready,,Y,0,8,24620000,ARABIAN RANCHES II,,,,
Port de La Mer - Le Pont,,ready,,Y,0,6,24349627,LA MER,,,,
THE V TOWER,,ready,,Y,0,33,24347230,DUBAI LAND RESIDENCE COMPLEX,,,,
ROYAL PARK SOUTH 1,,ready,,Y,0,6,24314017,JUMEIRAH VILLAGE CIRCLE,,,,
GLITZ RESIDENCE 3,,ready,,Y,0,27,24292291,DUBAI STUDIO CITY,,,,
DIAMOND BUSINESS CENTER,,ready,,Y,0,31,24257295,ARJAN,,,,
Azizi Riviera 38,,ready,,Y,0,8,24151048,MEYDAN ONE,,,,
DAMAC ISLANDS - BALI 1,,ready,,Y,0,7,24039080,Al Yelayiss 1,,,,
SIENNA  LAKES,,ready,,Y,0,2,24000000,JUMEIRAH GOLF,,,,
Dubai Hills - Hills Grove Community,,ready,,Y,0,1,24000000,DUBAI HILLS,,,,
THE PRISM,,ready,,Y,0,14,23939680,BUSINESS BAY,,,,
BURJ AL NUJOOM,,ready,,Y,0,17,23921507,BURJ KHALIFA,,,,
ALSEEF I,,ready,,Y,0,6,23814154,DUBAI MARINA,,,,
Azizi Plaza Hotel Apartments,,ready,,Y,0,36,23771600,AL FURJAN,,,,
Fairway Villas 2,,ready,,Y,0,8,23767631,Madinat Al Mataar,,,,
AU TOWER,,ready,,Y,0,12,23711300,JUMEIRAH LAKES TOWERS,,,,
Gardenia Livings,,ready,,Y,0,21,23694513,ARJAN,,,,
Binghatti Heights,,ready,,Y,0,23,23579598,JUMEIRAH VILLAGE CIRCLE,,,,
The Residences,,ready,,Y,0,4,23530000,JUMEIRAH LAKES TOWERS,,,,
"GREEN COMMUNITY MOTOR CITY, PHASE II - CASA FAMILIA",,ready,,Y,0,7,23434465,MOTOR CITY,,,,
NB RESIDENCES,,ready,,Y,0,3,23350000,PEARL JUMEIRA,,,,
Wavez Residence,,ready,,Y,0,36,23250070,LIWAN,,,,
Creek Beach - Surf,,ready,,Y,0,14,23247000,DUBAI CREEK HARBOUR,,,,
Prestige Gardens by Prestige One,,ready,,Y,0,2,23007440,Al Satwa,,,,
THE 118,,ready,,Y,0,1,23000000,BURJ KHALIFA,,,,
Palm Jebel Ali - Frond B,,ready,,Y,0,1,23000000,Palm Jabal Ali,,,,
WARSAN VILLAGE - B & C,,ready,,Y,0,13,22852500,INTERNATIONAL CITY PH 1,,,,
Burj Royale,,ready,,Y,0,12,22830862,BURJ KHALIFA,,,,
WESTBURRY TOWER,,ready,,Y,0,12,22783032,BUSINESS BAY,,,,
PRIME VILLAS,,ready,,Y,0,5,22730599,DUBAI SPORTS CITY,,,,
TAMANI ARTS OFFICES,,ready,,Y,0,30,22706216,BUSINESS BAY,,,,
THE COURT,,ready,,Y,0,13,22688253,BUSINESS BAY,,,,
MAG 318,,ready,,Y,0,12,22685170,BUSINESS BAY,,,,
Royal Regency,,ready,,Y,0,13,22617280,BUSINESS BAY,,,,
Catch Residences By IGO,,ready,,Y,0,15,22589986,JUMEIRAH VILLAGE CIRCLE,,,,
The One at Jumeirah Village Triangle,,ready,,Y,0,20,22584398,JUMEIRAH VILLAGE TRIANGLE,,,,
Pearls by Vision,,ready,,Y,0,17,22580000,SILICON OASIS,,,,
MAJESTINE,,ready,,Y,0,21,22525601,BUSINESS BAY,,,,
ONE BUSINESS BAY,,ready,,Y,0,3,22444000,BUSINESS BAY,,,,
SCHON BUSINESS PARK,,ready,,Y,0,20,22406340,DUBAI INVESTMENT PARK FIRST,,,,
LAKE VIEW,,ready,,Y,0,19,22301000,JUMEIRAH LAKES TOWERS,,,,
BELGRAVIA HEIGHTS II,,ready,,Y,0,19,22293490,JUMEIRAH VILLAGE CIRCLE,,,,
Azizi Riviera 40,,ready,,Y,0,5,22245073,MEYDAN ONE,,,,
The Community,,ready,,Y,0,40,22218658,JUMEIRAH VILLAGE TRIANGLE,,,,
ELITE 10 SPORTS RESIDENCE,,ready,,Y,0,30,22192153,DUBAI SPORTS CITY,,,,
Azizi Riviera 31,,ready,,Y,0,9,22093761,MEYDAN ONE,,,,
BERKELEY PLACE,,ready,,Y,0,13,22090800,SOBHA HEARTLAND,,,,
THE DISTINCTION,,ready,,Y,0,12,22045618,BURJ KHALIFA,,,,
BLOOMINGDALE,,ready,,Y,0,6,21835755,DUBAI SPORTS CITY,,,,
CAPITAL BAY B,,ready,,Y,0,29,21811884,BUSINESS BAY,,,,
Binghatti House,,ready,,Y,0,23,21721572,JUMEIRAH VILLAGE CIRCLE,,,,
South Lofts 2 by Premier Choice,,ready,,Y,0,2,21630000,DUBAI INDUSTRIAL CITY,,,,
FORTUNATO,,ready,,Y,0,17,21428112,JUMEIRAH VILLAGE CIRCLE,,,,
ALandalus Townhouse,,ready,,Y,0,6,21420000,JUMEIRAH GOLF,,,,
Samana South Haven,SAMANA PREMIUM REAL ESTATE DEVELOPMENT L.L.C,ready,Y,Y,0,1,21400000,DUBAI INDUSTRIAL CITY,,PENDING,0,
DAMAC HILLS (2) - VICTORIA 2,,ready,,Y,0,11,21390000,Madinat Hind 4,,,,
LAKE CITY TOWER,,ready,,Y,0,21,21378008,JUMEIRAH LAKES TOWERS,,,,
Grand Polo - Montura,,ready,,Y,0,3,21350776,Dubai Investment Park Second,,,,
Binghatti Emerald,,ready,,Y,0,22,21295131,JUMEIRAH VILLAGE CIRCLE,,,,
Celeste by Westar,,ready,,Y,0,7,21252800,JUMEIRAH VILLAGE CIRCLE,,,,
Petalz By Danube,,ready,,Y,0,24,21116800,Warsan First,,,,
DAMAC HILLS (2) - ODORA,,ready,,Y,0,11,21092000,Madinat Hind 4,,,,
The Autograph,,ready,,Y,0,20,21091347,JUMEIRAH VILLAGE CIRCLE,,,,
SHERENA RESIDENCE,,ready,,Y,0,21,20970160,MAJAN,,,,
STONEHENGE RESIDENCES,,ready,,Y,0,26,20920848,JUMEIRAH VILLAGE CIRCLE,,,,
Grand Polo - Selvara 4,,ready,,Y,0,3,20910306,Dubai Investment Park Second,,,,
INTERNATIONAL CITY EMARATI,,ready,,Y,0,56,20903039,INTERNATIONAL CITY PH 1,,,,
Arabian Ranches lll - June 2,,ready,,Y,0,4,20902500,Wadi Al Safa 5,,,,
URBANA III,,ready,,Y,0,13,20818000,EMAAR SOUTH,,,,
GLOBAL LAKE VIEW,,ready,,Y,0,16,20630100,JUMEIRAH LAKES TOWERS,,,,
AR II Camelia,,ready,,Y,0,6,20470001,ARABIAN RANCHES II,,,,
DAMAC HILLS - PHOENIX,,ready,,Y,0,8,20469248,DAMAC HILLS,,,,
GOLD CREST VIEWS2,,ready,,Y,0,22,20445900,JUMEIRAH LAKES TOWERS,,,,
Binghatti Tulip,,ready,,Y,0,21,20362000,JUMEIRAH VILLAGE CIRCLE,,,,
ELITE BUSINESS BAY RESIDENCE,,ready,,Y,0,20,20326641,BUSINESS BAY,,,,
Grand Polo - Chevalia Fields,,ready,,Y,0,3,20300205,Dubai Investment Park Second,,,,
DAMAC ISLANDS - BORA BORA 1,,ready,,Y,0,7,20239000,Al Yelayiss 1,,,,
Welcome Residency,,ready,,Y,0,13,20204600,ARJAN,,,,
ARMADA TOWERS,,ready,,Y,0,19,20190413,JUMEIRAH LAKES TOWERS,,,,
THE VYBE,,ready,,Y,0,23,20158940,JUMEIRAH VILLAGE CIRCLE,,,,
THE ONE,,ready,,Y,0,18,20002631,JUMEIRAH VILLAGE CIRCLE,,,,
Le Parc Homes II,,ready,,Y,0,6,19904893,JUMEIRAH VILLAGE CIRCLE,,,,
Viridian,,ready,,Y,0,8,19795364,CITY WALK,,,,
Socio,,ready,,Y,0,16,19795000,DUBAI HILLS,,,,
SILICON INFORMATION TECHNOLOGY TOWER,,ready,,Y,0,15,19791162,SILICON OASIS,,,,
DAMAC HILLS (2) - VIOLET 4,,ready,,Y,0,10,19780382,Madinat Hind 4,,,,
"Mohammed Bin Rashid Al Maktoum City , District One Phase III  , Residences 6",,ready,,Y,0,7,19749275,MBR DISTRICT 1,,,,
Nadine Residences,,ready,,Y,0,13,19736750,AL FURJAN,,,,
THE DIPLOMAT RESIDENCES,,ready,,Y,0,20,19696295,TOWN SQUARE,,,,
MAYFAIR RESIDENCY,,ready,,Y,0,17,19626528,BUSINESS BAY,,,,
AZIZI RIVIERA 67,,ready,,Y,0,14,19620873,MEYDAN ONE,,,,
LAKE TERRACE,,ready,,Y,0,20,19599011,JUMEIRAH LAKES TOWERS,,,,
Palm Jebel Ali - Frond A,,ready,,Y,0,1,19482541,Palm Jabal Ali,,,,
NEW DUBAI GATE2,,ready,,Y,0,20,19451770,JUMEIRAH LAKES TOWERS,,,,
THE IVY,,ready,,Y,0,17,19374775,JUMEIRAH VILLAGE TRIANGLE,,,,
MOSELA,,ready,,Y,0,11,19332000,THE GREENS,,,,
ROYAL PARK,,ready,,Y,0,4,19200000,JUMEIRAH PARK,,,,
O 2,,ready,,Y,0,24,19189803,JUMEIRAH VILLAGE CIRCLE,,,,
Port De La Mer - La Sirene,,ready,,Y,0,4,19185000,LA MER,,,,
Palm Jebel Ali - Frond C,,ready,,Y,0,1,19000000,Palm Jabal Ali,,,,
Central Park at City Walk -Building 1,,ready,,Y,0,7,18928320,CITY WALK,,,,
Nadine Residences 2,,ready,,Y,0,12,18915000,AL FURJAN,,,,
Azizi Riviera 23,,ready,,Y,0,8,18898000,MEYDAN ONE,,,,
AZIZI VISTA,,ready,,Y,0,26,18867936,DUBAI STUDIO CITY,,,,
The 50,,ready,,Y,0,17,18857265,MAJAN,,,,
PALACE TOWER,,ready,,Y,0,29,18798008,SILICON OASIS,,,,
BELGRAVIA SQUARE,,ready,,Y,0,15,18721248,JUMEIRAH VILLAGE CIRCLE,,,,
FAHAD 2,,ready,,Y,0,15,18720440,BARSHA HEIGHTS,,,,
Creek Beach - Bayshore,,ready,,Y,0,12,18707543,DUBAI CREEK HARBOUR,,,,
EQUITI RESIDENCE,,ready,,Y,0,14,18696250,AL FURJAN,,,,
DAMAC ISLANDS - FIJI 1,,ready,,Y,0,7,18689303,Al Yelayiss 1,,,,
THE MERTOPOLIS,,ready,,Y,0,12,18680363,BUSINESS BAY,,,,
THE STERLING WEST HOUSE,,ready,,Y,0,9,18628644,BUSINESS BAY,,,,
Dubai Wharf - Tower 2,,ready,,Y,0,12,18570376,JADDAF WATERFRONT,,,,
DAMAC ISLANDS - MALDIVES 5,,ready,,Y,0,5,18546820,Al Yelayiss 1,,,,
Joya Blanca Residences,,ready,,Y,0,22,18534291,ARJAN,,,,
MONTROSE,,ready,,Y,0,20,18483000,DUBAI SCIENCE PARK,,,,
THE ONE HOTEL,,ready,,Y,0,12,18405175,BUSINESS BAY,,,,
"Mohammed Bin Rashid Al Maktoum City , District One Phase III  , Residences 5",,ready,,Y,0,10,18393511,MBR DISTRICT 1,,,,
TFG ONE HOTEL,,ready,,Y,0,16,18330017,DUBAI MARINA,,,,
Rise Residences,,ready,,Y,0,26,18282373,JUMEIRAH VILLAGE CIRCLE,,,,
MARINA ARCADE,,ready,,Y,0,9,18274224,DUBAI MARINA,,,,
AZIZI RIVIERA 61,,ready,,Y,0,14,18158185,MEYDAN ONE,,,,
LATIFA TOWER,,ready,,Y,0,4,18100000,Trade Center First,,,,
Sobha Hartland Estates - Townhouses,,ready,,Y,0,3,18020000,SOBHA HEARTLAND,,,,
Zazen Gardens,,ready,,Y,0,13,18015999,AL FURJAN,,,,
NO.15 & NO.16 CITYWALK RESIDENTIAL,,ready,,Y,0,4,17970000,CITY WALK,,,,
CENTURION RESIDENCE,,ready,,Y,0,20,17962000,DUBAI INVESTMENT PARK SECOND,,,,
Sobha Hartland Villas - Phase II,,ready,,Y,0,2,17957500,SOBHA HEARTLAND,,,,
U-BORA TOWERS,,ready,,Y,0,13,17955520,BUSINESS BAY,,,,
Binghatti Orchid,,ready,,Y,0,14,17882551,JUMEIRAH VILLAGE CIRCLE,,,,
GLAMZ RESIDENCE,,ready,,Y,0,27,17784100,AL FURJAN,,,,
MIRACLZ TOWER,,ready,,Y,0,30,17753353,ARJAN,,,,
HANOVER SQUARE,,ready,,Y,0,31,17714476,JUMEIRAH VILLAGE CIRCLE,,,,
Millennium Binghatti Residences Business Bay,,ready,,Y,0,14,17614300,BUSINESS BAY,,,,
Golf ville,,ready,,Y,0,15,17520493,DUBAI HILLS,,,,
TOWER 108,,ready,,Y,0,21,17497859,JUMEIRAH VILLAGE CIRCLE,,,,
Alexis Tower,,ready,,Y,0,28,17471703,DOWN TOWN JABAL ALI,,,,
ELITE DOWNTOWN RESIDENCE,,ready,,Y,0,11,17430305,BURJ KHALIFA,,,,
DAMAC ISLANDS - BALI 4,,ready,,Y,0,5,17366000,Al Yelayiss 1,,,,
V3,,ready,,Y,0,9,17336017,JUMEIRAH LAKES TOWERS,,,,
Azizi Aura Residences,,ready,,Y,0,31,17312619,DOWN TOWN JABAL ALI,,,,
LAKESIDE RESIDENCE,,ready,,Y,0,17,17250129,JUMEIRAH LAKES TOWERS,,,,
PRIME TOWER,,ready,,Y,0,16,17025885,BUSINESS BAY,,,,
The Pulse Residence,,ready,,Y,0,18,17008275,DUBAI SOUTH,,,,
SKY CENTRAL,,ready,,Y,0,17,16988159,BARSHA HEIGHTS,,,,
MAY RESIDENCE,,ready,,Y,0,25,16942336,JUMEIRAH VILLAGE CIRCLE,,,,
SABA TOWER 2,,ready,,Y,0,19,16938070,JUMEIRAH LAKES TOWERS,,,,
Binghatti Crest,,ready,,Y,0,15,16916000,JUMEIRAH VILLAGE CIRCLE,,,,
PARK LANE TOWER,,ready,,Y,0,24,16889491,BUSINESS BAY,,,,
SKY BAY HOTEL,,ready,,Y,0,37,16854276,BUSINESS BAY,,,,
51@BUSINESS BAY,,ready,,Y,0,8,16690404,BUSINESS BAY,,,,
DAMAC HILLS - GOLF HORIZON,,ready,,Y,0,14,16685000,DAMAC HILLS,,,,
THE SQUARE,,ready,,Y,0,26,16508000,JUMEIRAH VILLAGE CIRCLE,,,,
SCALA TOWER,,ready,,Y,0,14,16501878,BUSINESS BAY,,,,
DAMAC HILLS - BROOKFIELD-3,,ready,,Y,0,2,16500000,DAMAC HILLS,,,,
DAMAC HILLS - THE TURF,,ready,,Y,0,4,16399337,DAMAC HILLS,,,,
AVENUE RESIDENCE 4,,ready,,Y,0,13,16398088,AL FURJAN,,,,
WARSAN VILLAGE - D,,ready,,Y,0,9,16371520,INTERNATIONAL CITY PH 1,,,,
MANHATTAN,,ready,,Y,0,20,16368651,JUMEIRAH VILLAGE CIRCLE,,,,
DAMAC ISLANDS - BORA BORA 4,,ready,,Y,0,3,16341850,Al Yelayiss 1,,,,
AL JAWHARA TOWER,,ready,,Y,0,34,16229121,JUMEIRAH VILLAGE TRIANGLE,,,,
UNA,,ready,,Y,0,25,16202097,TOWN SQUARE,,,,
AL MANARA,,ready,,Y,0,5,16196294,BUSINESS BAY,,,,
Verdana 9,REPORTAGE PLUS A REAL ESTATE DEVELOPMENT L.L.C,ready,Y,Y,0,2,16168514,DUBAI INVESTMENT PARK FIRST,,PENDING,0,Y
PARK CENTRAL,,ready,,Y,0,15,16133194,BUSINESS BAY,,,,
DAMAC ISLANDS - MALDIVES 4,,ready,,Y,0,6,15968000,Al Yelayiss 1,,,,
PRIME BUSINESS CENTER,,ready,,Y,0,9,15937078,JUMEIRAH VILLAGE CIRCLE,,,,
GIOVANNI BOUTIQUE,,ready,,Y,0,28,15913230,DUBAI SPORTS CITY,,,,
Prive Residence,,ready,,Y,0,12,15849737,DUBAI HILLS,,,,
ARABIAN RANCHES- ROSA COMMUNITY,,ready,,Y,0,2,15840000,ARABIAN RANCHES II,,,,
CLASSIC APARTMENTS,,ready,,Y,0,28,15832000,INTERNATIONAL CITY PH 1,,,,
SILICON BOULEVARD,,ready,,Y,0,17,15796038,SILICON OASIS,,,,
ROYALE RESIDENCE1,,ready,,Y,0,27,15746104,DUBAI SPORTS CITY,,,,
DAMAC HILLS (2) - MULBERRY,,ready,,Y,0,10,15723000,Madinat Hind 4,,,,
Sur La Mer 2,,ready,,Y,0,2,15500000,LA MER,,,,
MARINA WHARF II,,ready,,Y,0,9,15499400,DUBAI MARINA,,,,
BEVERLY BOULEVARD,,ready,,Y,0,19,15491000,ARJAN,,,,
MARINA WHARF I,,ready,,Y,0,7,15465000,DUBAI MARINA,,,,
MON REVE,,ready,,Y,0,5,15455450,BURJ KHALIFA,,,,
AZIZI. FEIROUZ,,ready,,Y,0,13,15440822,AL FURJAN,,,,
Remraam - Al Ramth,,ready,,Y,0,17,15439000,REMRAAM,,,,
SPICA,,ready,,Y,0,19,15422000,JUMEIRAH VILLAGE CIRCLE,,,,
SUBERBIA,,ready,,Y,0,23,15238855,DOWN TOWN JABAL ALI,,,,
Hyati Avenue,,ready,,Y,0,12,15146224,JUMEIRAH VILLAGE CIRCLE,,,,
GLOBAL GOLF RESIDENCE 2,,ready,,Y,0,27,15130155,DUBAI SPORTS CITY,,,,
GOLF VIEW RESIDENCE,,ready,,Y,0,22,15085670,DUBAI SPORTS CITY,,,,
BLUE WAVE,,ready,,Y,0,29,14951365,DUBAI LAND RESIDENCE COMPLEX,,,,
DAMAC ISLANDS - BORA BORA 3,,ready,,Y,0,5,14943530,Al Yelayiss 1,,,,
BELLA ROSE,,ready,,Y,0,18,14925785,DUBAI SCIENCE PARK,,,,
EQUITI ARCADE,,ready,,Y,0,11,14850000,AL FURJAN,,,,
Westwood Grande II By Imtiaz,,ready,,Y,0,19,14810000,JUMEIRAH VILLAGE CIRCLE,,,,
Azizi Riviera 8,,ready,,Y,0,21,14776964,MEYDAN ONE,,,,
DURAR1,,ready,,Y,0,18,14775522,DUBAI LAND RESIDENCE COMPLEX,,,,
ALANDALUS,,ready,,Y,0,12,14772915,JUMEIRAH GOLF,,,,
Port De La Mer - La Voile,,ready,,Y,0,5,14770277,LA MER,,,,
SHAMAL TERRACES 2,,ready,,Y,0,5,14768000,JUMEIRAH VILLAGE CIRCLE,,,,
DAMAC HILLS - GOLF VISTA,,ready,,Y,0,9,14710562,DAMAC HILLS,,,,
THE MATRIX,,ready,,Y,0,22,14698379,DUBAI SPORTS CITY,,,,
AZIZI RIVIERA AZURE,,ready,,Y,0,10,14658845,MEYDAN ONE,,,,
Grand Polo - Montura 3,,ready,,Y,0,2,14638776,Dubai Investment Park Second,,,,
THE GROVE BY IMAN,,ready,,Y,0,8,14595000,DUBAI HILLS,,,,
SAMANA PARK VIEWS,,ready,,Y,0,12,14579950,ARJAN,,,,
Prime Gardens,,ready,,Y,0,17,14393241,ARJAN,,,,
Creek Beach - Summer,,ready,,Y,0,9,14392467,DUBAI CREEK HARBOUR,,,,
LINCOLN PARK,,ready,,Y,0,27,14221628,ARJAN,,,,
Azizi Mina,,ready,,Y,0,8,14210720,PALM JUMEIRAH,,,,
Floarea Residence,,ready,,Y,0,16,14209757,ARJAN,,,,
Maya Residences 5,,ready,,Y,0,10,14140579,JUMEIRAH VILLAGE TRIANGLE,,,,
DAMAC HILLS (2) - VIOLET 3,,ready,,Y,0,7,13949000,Madinat Hind 4,,,,
Time 1,,ready,,Y,0,22,13836328,DUBAI LAND RESIDENCE COMPLEX,,,,
Villanova Amaranta A,,ready,,Y,0,6,13814659,VILLANOVA,,,,
Luma22,,ready,,Y,0,14,13688724,JUMEIRAH VILLAGE CIRCLE,,,,
DUBAI WHARF,,ready,,Y,0,6,13678000,JADDAF WATERFRONT,,,,
DAMAC HILLS - ORCHID,,ready,,Y,0,11,13631500,DAMAC HILLS,,,,
LIWA HEIGHTS,,ready,,Y,0,9,13625662,JUMEIRAH LAKES TOWERS,,,,
PALM VIEWS - WEST,,ready,,Y,0,11,13613215,PALM JUMEIRAH,,,,
INIGO ICON,,ready,,Y,0,7,13565002,JUMEIRAH LAKES TOWERS,,,,
BELGRAVIA,,ready,,Y,0,11,13547563,JUMEIRAH VILLAGE CIRCLE,,,,
AZIZI AMBER,,ready,,Y,0,10,13512525,AL FURJAN,Jebel Ali Village Townhouses- Phase 1,,,
ESCAN MARINA TOWER,,ready,,Y,0,14,13456860,DUBAI MARINA,,,,
Rukan2,,ready,,Y,0,5,13455000,RUKAN,,,,
The Veranda Collection 1,,ready,,Y,0,3,13450000,JUMEIRAH VILLAGE CIRCLE,,,,
AVANTI TOWER,,ready,,Y,0,10,13412559,BUSINESS BAY,,,,
B2B TOWER,,ready,,Y,0,13,13403628,BUSINESS BAY,,,,
DAMAC ISLANDS - MALDIVES 1,,ready,,Y,0,5,13400000,Al Yelayiss 1,,,,
KNIGHT BRIDGE COURT & KENSNGTON MANOR,,ready,,Y,0,21,13399528,JUMEIRAH VILLAGE CIRCLE,,,,
LIV RESIDENCE,,ready,,Y,0,4,13396548,DUBAI MARINA,,,,
LAKE SHORE TOWER,,ready,,Y,0,12,13391686,JUMEIRAH LAKES TOWERS,,,,
DAMAC SUN CITY,,ready,,Y,0,4,13341000,Al Yelayiss 1,,,,
AZIZI RIVIERA 65,,ready,,Y,0,11,13291030,MEYDAN ONE,,,,
UNIESTATE MILLENNIUM TOWER,,ready,,Y,0,13,13268824,SILICON OASIS,,,,
AMAL TOWER,,ready,,Y,0,17,13253605,DUBAI SPORTS CITY,,,,
Azizi. Iris,,ready,,Y,0,10,13250000,AL FURJAN,,,,
DIAMOND VIEWS 3,,ready,,Y,0,13,13242000,JUMEIRAH VILLAGE CIRCLE,,,,
RED RESIDENCE,,ready,,Y,0,21,13232929,DUBAI SPORTS CITY,,,,
AZIZI. ORCHID,,ready,,Y,0,9,13231563,AL FURJAN,,,,
La Rosa 4,,ready,,Y,0,5,13220000,Wadi Al Safa 5,,,,
STADIUM POINT,,ready,,Y,0,19,13216252,DUBAI SPORTS CITY,,,,
"Mohammed Bin Rashid Al Maktoum City , District One Phase III  , Residences 7",,ready,,Y,0,5,13140500,MBR DISTRICT 1,,,,
The Pulse Residence Plaza,,ready,,Y,0,16,12928024,DUBAI SOUTH,,,,
MAG 22,,ready,,Y,0,2,12925000,NAD AL SHEBA GARDENS,,,,
TRIDENT GRAND,,ready,,Y,0,5,12916011,DUBAI MARINA,,,,
THE WATER FRONT,,ready,,Y,0,6,12915000,DUBAI MARINA,,,,
AZIZI. DAISY,,ready,,Y,0,10,12899698,AL FURJAN,,,,
LE GRAND CHATEAU,,ready,,Y,0,14,12837647,JUMEIRAH VILLAGE CIRCLE,,,,
"Mohammed Bin Rashid Al Maktoum City , District One Phase III  , Residences 11",,ready,,Y,0,5,12776939,MBR DISTRICT 1,,,,
AURA by Grovy,,ready,,Y,0,12,12761000,JUMEIRAH VILLAGE CIRCLE,,,,
Haven Villas 1,,ready,,Y,0,4,12707000,JUMEIRAH VILLAGE CIRCLE,,,,
STARZ TOWER by DANUBE,,ready,,Y,0,18,12658565,AL FURJAN,,,,
SUNRISE LEGEND,,ready,,Y,0,14,12650451,ARJAN,,,,
WINDSOR MANOR,,ready,,Y,0,8,12603835,BUSINESS BAY,,,,
barari views,,ready,,Y,0,11,12567402,MAJAN,,,,
THE PULSE TOWNHOUSES,,ready,,Y,0,7,12538834,DUBAI SOUTH,,,,
DAMAC HILLS (2) - PARK GREENS 3,,ready,,Y,0,5,12472750,Madinat Hind 4,,,,
FIRST CENTRAL,,ready,,Y,0,15,12471919,BARSHA HEIGHTS,,,,
THE EAST CREST BY METEORA,,ready,,Y,0,13,12470685,JUMEIRAH VILLAGE CIRCLE,,,,
ELITE II SPORTS RESIDENCE,,ready,,Y,0,22,12315841,DUBAI SPORTS CITY,,,,
THE VOGUE,,ready,,Y,0,11,12302696,BUSINESS BAY,,,,
Creek Beach - Sunset,,ready,,Y,0,7,12270000,DUBAI CREEK HARBOUR,,,,
DAMAC HILLS - BROOKFIELD-2,,ready,,Y,0,3,12183457,DAMAC HILLS,,,,
Pearl House I by Imtiaz,,ready,,Y,0,13,12115067,JUMEIRAH VILLAGE CIRCLE,,,,
Azizi Pearl,,ready,,Y,0,10,12081107,AL FURJAN,,,,
WEST AVENUE,,ready,,Y,0,9,12036252,DUBAI MARINA,,,,
MAJESTIQUE RESIDENCE 1,,ready,,Y,0,11,11994610,DUBAI SOUTH,,,,
URBANA II,,ready,,Y,0,7,11925000,EMAAR SOUTH,,,,
EMIRATES GARDEN I - GARDENIA,,ready,,Y,0,15,11913398,JUMEIRAH VILLAGE CIRCLE,,,,
GALLERY VILLAS,,ready,,Y,0,4,11848000,DUBAI SPORTS CITY,,,,
DAMAC ISLANDS - BORA BORA 2,,ready,,Y,0,4,11823014,Al Yelayiss 1,,,,
AXIS SILVER,,ready,,Y,0,16,11823010,SILICON OASIS,,,,
Grand Polo - Montura 2,,ready,,Y,0,2,11783889,Dubai Investment Park Second,,,,
Azizi Riviera 3,,ready,,Y,0,12,11773001,MEYDAN ONE,,,,
REGINA,,ready,,Y,0,16,11654704,JUMEIRAH VILLAGE CIRCLE,,,,
ELZ Residence,,ready,,Y,0,13,11621600,ARJAN,,,,
2020 Marquis,,ready,,Y,0,13,11497000,ARJAN,,,,
"Mohammed Bin Rashid Al Maktoum City , District One Phase III  , Residences 15",,ready,,Y,0,6,11466000,MBR DISTRICT 1,,,,
EXECUTIVE BAY B,,ready,,Y,0,10,11429000,BUSINESS BAY,,,,
AL SERH RESIDENCES 11 BY ASAK REAL ESTATE DEVELOPMENT,,ready,,Y,0,9,11391250,JUMEIRAH VILLAGE CIRCLE,,,,
SILICON HEIGHTS2,,ready,,Y,0,14,11385003,SILICON OASIS,,,,
MIRDIF HILLS- AL MULTAQA AVENUE,,ready,,Y,0,13,11354742,Mirdif,,,,
Azizi Riviera 27,,ready,,Y,0,14,11323599,MEYDAN ONE,,,,
DESERT SUN TOWER,,ready,,Y,0,22,11301042,DUBAI LAND RESIDENCE COMPLEX,,,,
Jumeirah Living Business Bay,,ready,,Y,0,1,11300000,BUSINESS BAY,,,,
Empire Residence,,ready,,Y,0,15,11213868,JUMEIRAH VILLAGE CIRCLE,,,,
ALANDALUS BUILDING E,,ready,,Y,0,5,11200000,JUMEIRAH GOLF,,,,
MAJESTIQUE RESIDENCE 2,,ready,,Y,0,12,11137702,DUBAI SOUTH,,,,
SOBHA IVORY - II,,ready,,Y,0,5,11118800,BUSINESS BAY,,,,
Jewelz Residence,,ready,,Y,0,16,11102600,ARJAN,,,,
Taraf 2 Residence,,ready,,Y,0,7,11014000,JUMEIRAH VILLAGE TRIANGLE,,,,
Binghatti Crescent,,ready,,Y,0,10,10987981,JUMEIRAH VILLAGE CIRCLE,,,,
The Lakes Deema 2,,ready,,Y,0,2,10934763,THE LAKES,,,,
Azizi Riviera 7,,ready,,Y,0,8,10933218,MEYDAN ONE,,,,
DUBAI WATER FRONT VENETO,,ready,,Y,0,3,10854605,DUBAI WATER FRONT,,,,
LAKE CENTRAL,,ready,,Y,0,3,10830009,BUSINESS BAY,,,,
Alandalus Building G,,ready,,Y,0,5,10791000,JUMEIRAH GOLF,,,,
BAY'S EDGE,,ready,,Y,0,9,10736519,BUSINESS BAY,,,,
VILLA PERA,,ready,,Y,0,11,10718949,JUMEIRAH VILLAGE CIRCLE,,,,
Azizi Riviera 11,,ready,,Y,0,12,10702736,MEYDAN ONE,,,,
SAHARA MEADOWS1,,ready,,Y,0,9,10691998,DUBAI INDUSTRIAL CITY,,,,
SIGNATURE LIVINGS,,ready,,Y,0,16,10689788,JUMEIRAH VILLAGE CIRCLE,,,,
NO 9,,ready,,Y,0,5,10681000,DUBAI MARINA,,,,
QPOINT LIWAN-PLOT R008 A&B,,ready,,Y,0,14,10678000,LIWAN,,,,
Rukan Residence,,ready,,Y,0,10,10677000,Wadi Al Safa 7,,,,
Boutique Xll,,ready,,Y,0,10,10653859,JADDAF WATERFRONT,,,,
FORUM RESIDENCES,,ready,,Y,0,10,10648500,MAJAN,,,,
MULBERRY MANSIONS,,ready,,Y,0,4,10640000,JUMEIRAH VILLAGE CIRCLE,,,,
Laya Residences,,ready,,Y,0,11,10612000,JUMEIRAH VILLAGE CIRCLE,,,,
PARK VIEW TOWER,,ready,,Y,0,13,10558200,JUMEIRAH VILLAGE CIRCLE,,,,
"Mohammed Bin Rashid Al Maktoum City , District One Phase III  , Residences 13",,ready,,Y,0,5,10531771,MBR DISTRICT 1,,,,
Olivz Residence,,ready,,Y,0,17,10485006,Warsan First,,,,
FAIR VIEW RESIDENCY,,ready,,Y,0,8,10452000,BUSINESS BAY,,,,
EAGLE HEIGHTS,,ready,,Y,0,18,10441551,DUBAI SPORTS CITY,,,,
MADINA TOWER,,ready,,Y,0,7,10414836,JUMEIRAH LAKES TOWERS,,,,
The Pulse Residence Park,,ready,,Y,0,13,10373737,DUBAI SOUTH,,,,
LAS CASAS,,ready,,Y,0,5,10315000,JUMEIRAH VILLAGE CIRCLE,,,,
INDIGO VILLE 1,,ready,,Y,0,4,10288880,JUMEIRAH VILLAGE CIRCLE,,,,
The Pulse Villas 2,,ready,,Y,0,4,10264000,Madinat Al Mataar,,,,
"QASR SABAH I , II ,III",,ready,,Y,0,21,10236970,DUBAI PRODUCTION CITY,,,,
TFG MARINA,,ready,,Y,0,8,10209922,DUBAI MARINA,,,,
DAMAC HILLS - GOLF TERRACE,,ready,,Y,0,6,10173600,DAMAC HILLS,,,,
RIAH TOWERS,,ready,,Y,0,9,10159893,JADDAF WATERFRONT,,,,
LYNX,,ready,,Y,0,12,10158269,SILICON OASIS,,,,
DAMAC ISLANDS - MALDIVES 3,,ready,,Y,0,4,10148500,Al Yelayiss 1,,,,
ALSHERA TOWER,,ready,,Y,0,4,10098607,JUMEIRAH LAKES TOWERS,,,,
DAMAC HILLS - TRINITY,,ready,,Y,0,3,10096000,DAMAC HILLS,,,,
NEW DUBAI GATE1,,ready,,Y,0,10,10073388,JUMEIRAH LAKES TOWERS,,,,
REEF RESIDENCE,,ready,,Y,0,14,10021698,JUMEIRAH VILLAGE CIRCLE,,,,
HUB CANAL 1 TOWER,,ready,,Y,0,16,10009600,DUBAI SPORTS CITY,,,,
Sobha Hartland Villas Phase III,,ready,,Y,0,1,9999866,SOBHA HEARTLAND,,,,
THE BRIDGE,,ready,,Y,0,12,9959603,DUBAI SPORTS CITY,,,,
Bali Residences,,ready,,Y,0,10,9959053,JUMEIRAH VILLAGE TRIANGLE,,,,
AZIZI. FREESIA,,ready,,Y,0,9,9957279,AL FURJAN,,,,
EMIRATES GARDEN I - ROSE 1,,ready,,Y,0,15,9909029,JUMEIRAH VILLAGE CIRCLE,,,,
GREEN DIAMOND 1,,ready,,Y,0,11,9907149,ARJAN,,,,
Azizi Shaista Residence,,ready,,Y,0,14,9825356,AL FURJAN,,,,
H Three By Aurora,,ready,,Y,0,8,9825000,JUMEIRAH VILLAGE CIRCLE,,,,
NO. 6A AND NO.6B CITYWALK RESIDENTIAL,,ready,,Y,0,3,9810000,CITY WALK,,,,
Emerald Vision Tower,,ready,,Y,0,9,9794496,JUMEIRAH VILLAGE TRIANGLE,JANNAT,,,
CONCEPT 7 RESIDENCES,,ready,,Y,0,8,9750593,JUMEIRAH VILLAGE CIRCLE,,,,
Azizi Riviera 12,,ready,,Y,0,13,9722550,MEYDAN ONE,,,,
ALandalus Building D,,ready,,Y,0,7,9636920,JUMEIRAH GOLF,,,,
Azizi Riviera 18,,ready,,Y,0,13,9618396,MEYDAN ONE,,,,
BAYSIDE RESIDENCE,,ready,,Y,0,6,9598744,DUBAI MARINA,,,,
ROXANA RESIDENCE,,ready,,Y,0,12,9570125,JUMEIRAH VILLAGE CIRCLE,,,,
HAMZA TOWER,,ready,,Y,0,15,9536589,DUBAI SPORTS CITY,,,,
ROYALE RESIDENCE2,,ready,,Y,0,15,9500742,DUBAI SPORTS CITY,,,,
Grenland Residence By arloid,,ready,,Y,0,6,9495000,Wadi Al Safa 3,,,,
LUCKY RESIDENCE,,ready,,Y,0,11,9480575,JUMEIRAH VILLAGE CIRCLE,,,,
GENESIS,,ready,,Y,0,10,9465400,ARJAN,Remraam - Al Ramth,,,
AL MANARAH TOWER,,ready,,Y,0,14,9446230,JUMEIRAH VILLAGE TRIANGLE,,,,
MARINA PINNACLE,,ready,,Y,0,7,9444002,DUBAI MARINA,,,,
Creek Beach - Canopy - Moor,,ready,,Y,0,3,9439548,DUBAI CREEK HARBOUR,,,,
AL Andalus Phase 2,,ready,,Y,0,8,9399608,JUMEIRAH GOLF,,,,
BINGHATTI VIEWS,,ready,,Y,0,14,9368000,SILICON OASIS,,,,
TENORA,,ready,,Y,0,14,9365000,DUBAI SOUTH,,,,
Club Villas at Dubai Hills,,ready,,Y,0,2,9345000,DUBAI HILLS,,,,
Q Gardens Boutique Residences,,ready,,Y,0,9,9340500,ARJAN,,,,
IRIS AMBER,,ready,,Y,0,9,9340489,JADDAF WATERFRONT,,,,
ELITE 8 SPORTS RESIDENCE,,ready,,Y,0,15,9332321,DUBAI SPORTS CITY,,,,
Westwood By Imtiaz,,ready,,Y,0,11,9322500,AL FURJAN,,,,
Canal Residence West 2,,ready,,Y,0,13,9314130,DUBAI SPORTS CITY,,,,
SOBHA DAFFODIL,,ready,,Y,0,12,9300589,JUMEIRAH VILLAGE CIRCLE,,,,
Maria Tower,,ready,,Y,0,9,9291000,AL FURJAN,,,,
23 MARINA,,ready,,Y,0,3,9280000,DUBAI MARINA,,,,
SABA TOWER 3,,ready,,Y,0,12,9277255,JUMEIRAH LAKES TOWERS,,,,
TIFFANY TOWERS,,ready,,Y,0,6,9270728,JUMEIRAH LAKES TOWERS,,,,
"Mohammed Bin Rashid Al Maktoum City , District One Phase III  , A Villas",,ready,,Y,0,1,9230696,MBR DISTRICT 1,,,,
Azizi Riviera 19,,ready,,Y,0,11,9192020,MEYDAN ONE,,,,
J&G PLEXS,,ready,,Y,0,11,9188940,DMCC-EZ2,,,,
BUSINESS TOWER,,ready,,Y,0,5,9164230,BUSINESS BAY,,,,
HAMILTON RESIDENCY,,ready,,Y,0,10,9152400,BUSINESS BAY,,,,
AXIS RESIDENCES 4,,ready,,Y,0,16,9107750,SILICON OASIS,,,,
MYKA Residence,,ready,,Y,0,9,9102641,DUBAI PRODUCTION CITY,,,,
GOLF HOMES,,ready,,Y,0,1,9080603,ARABIAN RANCHES I,,,,
DAMAC ISLANDS - BALI 2,,ready,,Y,0,3,9030000,Al Yelayiss 1,,,,
MAYFAIR TOWER,,ready,,Y,0,10,9018617,BUSINESS BAY,,,,
Azizi Riviera 15,,ready,,Y,0,9,8968662,MEYDAN ONE,,,,
PALM VIEWS - EAST,,ready,,Y,0,11,8947441,PALM JUMEIRAH,,,,
EQUITI APARTMENTS,,ready,,Y,0,14,8935930,INTERNATIONAL CITY PH 2 & 3,,,,
ARAS Residence,,ready,,Y,0,9,8913280,Wadi Al Safa 3,,,,
THE STERLING EAST HOUSE,,ready,,Y,0,6,8854000,BUSINESS BAY,,,,
OAKWOOD RESIDENCY,,ready,,Y,0,14,8848592,DUBAI PRODUCTION CITY,,,,
EMIRATES GARDEN II - MAGNOLIA,,ready,,Y,0,12,8828645,JUMEIRAH VILLAGE CIRCLE,,,,
THE APRICOT,,ready,,Y,0,10,8787716,SILICON OASIS,,,,
BADRA PHASE 1,,ready,,Y,0,11,8707880,DUBAI WATER FRONT,,,,
THE DUNES,,ready,,Y,0,12,8608668,SILICON OASIS,,,,
TOPAZ RESIDENCES 3,,ready,,Y,0,11,8607000,SILICON OASIS,,,,
CAPITAL BAY  A,,ready,,Y,0,7,8591816,BUSINESS BAY,,,,
Edison House,,ready,,Y,0,8,8504000,DUBAI LAND RESIDENCE COMPLEX,,,,
LINCOLN PARK ( NORTH SIDE),,ready,,Y,0,15,8482500,ARJAN,,,,
GRAND HORIZON 1,,ready,,Y,0,12,8426004,DUBAI SPORTS CITY,,,,
DAMAC HILLS -  RICHMOND,,ready,,Y,0,2,8415000,DAMAC HILLS,,,,
Hyde Walk Residence by Imtiaz,,ready,,Y,0,6,8402000,Al Satwa,,,,
THE MEDALIST,,ready,,Y,0,9,8335000,DUBAI SPORTS CITY,,,,
Binghatti Gateway,,ready,,Y,0,10,8311400,DUBAI HEALTHCARE CITY - PHASE 2,,,,
AZIZI RIVIERA 63,,ready,,Y,0,7,8296432,MEYDAN ONE,,,,
SAFEER TOWER 1,,ready,,Y,0,10,8264621,BUSINESS BAY,,,,
IT PLAZA,,ready,,Y,0,7,8247554,SILICON OASIS,,,,
Rigel,,ready,,Y,0,9,8247400,JUMEIRAH VILLAGE CIRCLE,,,,
DAMAC HILLS - JASMINE,,ready,,Y,0,9,8230000,DAMAC HILLS,,,,
OLYMPIC PARK 2,,ready,,Y,0,10,8212500,DUBAI SPORTS CITY,,,,
Azizi Riviera 5,,ready,,Y,0,8,8199979,MEYDAN ONE,,,,
Binghatti Gate,,ready,,Y,0,9,8179500,JUMEIRAH VILLAGE CIRCLE,,,,
ELITE 6 SPORTS RESIDENCE,,ready,,Y,0,16,8166438,DUBAI SPORTS CITY,,,,
OLYMPIC PARK 4,,ready,,Y,0,9,8147429,DUBAI SPORTS CITY,,,,
THE SPIRIT,,ready,,Y,0,15,8137860,DUBAI SPORTS CITY,,,,
OXFORD TOWER,,ready,,Y,0,4,8130005,BUSINESS BAY,,,,
Milano Giovanni Boutique Suites,,ready,,Y,0,10,8098095,JUMEIRAH VILLAGE CIRCLE,,,,
Elysee III by Pantheon,,ready,,Y,0,11,8060278,JUMEIRAH VILLAGE CIRCLE,,,,
ARENA APARTMENTS,,ready,,Y,0,10,8051017,DUBAI SPORTS CITY,,,,
Avenue Residence 2,,ready,,Y,0,6,8017500,AL FURJAN,,,,
DAMAC HILLS (2) - AMARGO 2,,ready,,Y,0,5,7996000,Madinat Hind 4,,,,
Redwood Park Phase2,,ready,,Y,0,2,7989734,JUMEIRAH GOLF,,,,
PLATINUM RESIDENCE 2,,ready,,Y,0,8,7974344,SILICON OASIS,,,,
Azizi Berton,,ready,,Y,0,13,7963006,AL FURJAN,,,,
AXIS RESIDENCES 6,,ready,,Y,0,14,7911000,SILICON OASIS,,,,
BINGHATTI APARTMENTS,,ready,,Y,0,12,7851000,SILICON OASIS,,,,
SILICON GATE 3,,ready,,Y,0,10,7755000,SILICON OASIS,,,,
AVALON TOWER,,ready,,Y,0,9,7754977,JUMEIRAH VILLAGE CIRCLE,,,,
SIROYA GARDENS,,ready,,Y,0,11,7726279,JUMEIRAH VILLAGE CIRCLE,,,,
Beverly Residence,,ready,,Y,0,11,7713097,JUMEIRAH VILLAGE CIRCLE,,,,
Oxford 212,,ready,,Y,0,12,7656571,JUMEIRAH VILLAGE CIRCLE,,,,
EMIRATES GARDEN 1 (LAVENDER - GARDENIA - ROSE),,ready,,Y,0,9,7653500,JUMEIRAH VILLAGE CIRCLE,,,,
VICTORIA RESIDENCY,,ready,,Y,0,5,7599546,AL FURJAN,,,,
TUSCAN RESIDENCES1 - AREZZO,,ready,,Y,0,12,7587084,JUMEIRAH VILLAGE CIRCLE,,,,
"Mohammed Bin Rashid Al Maktoum City , District One Phase III  , Residences 14",,ready,,Y,0,5,7483500,MBR DISTRICT 1,,,,
OLYMPIC PARK 1,,ready,,Y,0,7,7480000,DUBAI SPORTS CITY,,,,
555 PARK VIEWS,,ready,,Y,0,7,7480000,JUMEIRAH VILLAGE TRIANGLE,,,,
Azizi Riviera 26,,ready,,Y,0,12,7479889,MEYDAN ONE,,,,
Binghatti Venus,,ready,,Y,0,8,7458630,JUMEIRAH VILLAGE CIRCLE,,,,
OASIS TOWER ONE,,ready,,Y,0,9,7417600,DUBAI SPORTS CITY,,,,
Dolphin Tower,,ready,,Y,0,5,7410224,BUSINESS BAY,,,,
Al Fouad,,ready,,Y,0,5,7333538,AL FURJAN,,,,
DANA TOWER,,ready,,Y,0,11,7323854,JUMEIRAH VILLAGE CIRCLE,,,,
Prime Residency 3,,ready,,Y,0,10,7305000,AL FURJAN,,,,
JADE RESIDENCE,,ready,,Y,0,10,7304361,SILICON OASIS,,,,
HDS SUNSTAR 1,,ready,,Y,0,10,7246000,INTERNATIONAL CITY PH 1,,,,
BINGHATTI STARS,,ready,,Y,0,9,7225500,SILICON OASIS,,,,
HARRINGTON HOUSE,,ready,,Y,0,6,7216000,JUMEIRAH VILLAGE CIRCLE,,,,
Luma21,,ready,,Y,0,11,7128000,JUMEIRAH VILLAGE CIRCLE,,,,
La-Riviera Apartments,,ready,,Y,0,7,7122767,JUMEIRAH VILLAGE CIRCLE,,,,
MADISON RESIDENCY,,ready,,Y,0,6,7106491,BARSHA HEIGHTS,,,,
LOCI Residences,,ready,,Y,0,7,7046000,JUMEIRAH VILLAGE CIRCLE,,,,
Binghatti Mirage,,ready,,Y,0,8,7019000,JUMEIRAH VILLAGE CIRCLE,,,,
EMIRATES GARDEN 2 (MAPLE- MAGNOLA - MULBERRY),,ready,,Y,0,11,6984944,JUMEIRAH VILLAGE CIRCLE,,,,
Dusk by Binghatti,,ready,,Y,0,6,6922835,JUMEIRAH VILLAGE CIRCLE,,,,
MIRABELLA,,ready,,Y,0,3,6900000,JUMEIRAH VILLAGE CIRCLE,,,,
LA VISTA 03,,ready,,Y,0,10,6879000,SILICON OASIS,,,,
ROYAL PARK SOUTH,,ready,,Y,0,2,6876000,JUMEIRAH VILLAGE CIRCLE,,,,
SHAMAL TERRACES 1,,ready,,Y,0,2,6860000,JUMEIRAH VILLAGE CIRCLE,,,,
QPOINT LIWAN-PLOT R070,,ready,,Y,0,9,6713902,LIWAN,,,,
Azizi Riviera 33,,ready,,Y,0,11,6713061,MEYDAN ONE,,,,
ALTIA RESIDENCE,,ready,,Y,0,6,6651824,SILICON OASIS,,,,
PULSE SMART RESIDENCE,,ready,,Y,0,8,6650000,JUMEIRAH VILLAGE CIRCLE,,,,
Azizi Riviera 20,,ready,,Y,0,7,6629000,MEYDAN ONE,,,,
LA FONTANA DI TREVI,,ready,,Y,0,8,6579000,ARJAN,,,,
CLAYTON RESIDENCY,,ready,,Y,0,6,6562736,BUSINESS BAY,,,,
Azizi Riviera 42,,ready,,Y,0,5,6524036,MEYDAN ONE,,,,
J8,,ready,,Y,0,5,6500105,SUFOUH GARDENS,,,,
OLYMPIC PARK 3,,ready,,Y,0,8,6453000,DUBAI SPORTS CITY,,,,
SUN POINT DUBAI,,ready,,Y,0,7,6449378,DUBAI PRODUCTION CITY,,,,
The Pulse Boulevard Apartments-C1,,ready,,Y,0,5,6406598,DUBAI SOUTH,,,,
Azizi Riviera 59,,ready,,Y,0,6,6401423,MEYDAN ONE,,,,
V2,,ready,,Y,0,8,6400000,DUBAI SPORTS CITY,,,,
PG UPPERHOUSE,,ready,,Y,0,6,6395000,AL FURJAN,,,,
"Mohammed Bin Rashid Al Maktoum City , District One Phase III  , Residences 23",,ready,,Y,0,3,6384000,MBR DISTRICT 1,,,,
ZUMURUD DUBAI MARINA,,ready,,Y,0,6,6365000,DUBAI MARINA,,,,
QPOINT LIWAN- R093,,ready,,Y,0,11,6297444,LIWAN,,,,
Azizi Greenfield,,ready,,Y,0,5,6275093,MEYDAN AVENUE,,,,
SANDOVAL GARDENS,,ready,,Y,0,10,6273312,JUMEIRAH VILLAGE CIRCLE,,,,
Marwa Heights,,ready,,Y,0,10,6251000,JUMEIRAH VILLAGE CIRCLE,,,,
LA RESIDENZA,,ready,,Y,0,5,6250705,JUMEIRAH VILLAGE CIRCLE,,,,
AVENUE RESIDENCE1,,ready,,Y,0,6,6196008,AL FURJAN,,,,
Azizi Gardens,,ready,,Y,0,6,6183000,MEYDAN AVENUE,,,,
ELYSEE II by PANTHEON,,ready,,Y,0,10,6143000,JUMEIRAH VILLAGE CIRCLE,,,,
HAMILTON HOUSE,,ready,,Y,0,3,6136828,JUMEIRAH VILLAGE CIRCLE,,,,
AL BUROOJ RESIDENCE 1,,ready,,Y,0,2,6120000,JUMEIRAH VILLAGE TRIANGLE,,,,
Tranquil Wellness Tower,,ready,,Y,0,6,6119260,JUMEIRAH VILLAGE TRIANGLE,,,,
Laya Mansion,,ready,,Y,0,9,6094500,JUMEIRAH VILLAGE CIRCLE,,,,
CORAL RESIDENCE,,ready,,Y,0,8,6088400,SILICON OASIS,,,,
ZaZEN One,,ready,,Y,0,3,6080000,JUMEIRAH VILLAGE TRIANGLE,,,,
"Mohammed Bin Rashid Al Maktoum City , District One Phase III  , Residences 22",,ready,,Y,0,4,6057000,MBR DISTRICT 1,,,,
Grand Polo - Selvara,,ready,,Y,0,1,6050000,Dubai Investment Park Second,,,,
SOBHA IVORY,,ready,,Y,0,4,6026978,BUSINESS BAY,,,,
Azizi Riviera 17,,ready,,Y,0,8,6005836,MEYDAN ONE,,,,
DAMAC HILLS (2) - PARK GREENS 2,,ready,,Y,0,2,5978320,Madinat Hind 4,,,,
Azizi Riviera 16,,ready,,Y,0,4,5952000,MEYDAN ONE,,,,
DUNES VILLAGE,,ready,,Y,0,11,5941000,DUBAI INVESTMENT PARK SECOND,,,,
Symbolic Alpha,,ready,,Y,0,7,5855750,LIWAN,,,,
INDIGO SPECTRUM1,,ready,,Y,0,8,5846000,INTERNATIONAL CITY PH 1,,,,
"Mohammed Bin Rashid Al Maktoum City , District One Phase III  , Residences 25",,ready,,Y,0,3,5838000,MBR DISTRICT 1,,,,
SOMERSET MEWS,,ready,,Y,0,2,5800000,JUMEIRAH VILLAGE CIRCLE,,,,
ELITE 9 SPORTS RESIDENCE,,ready,,Y,0,10,5781985,DUBAI SPORTS CITY,,,,
Azizi Riviera 9,,ready,,Y,0,9,5779845,MEYDAN ONE,,,,
Azizi Riviera 32,,ready,,Y,0,9,5750365,MEYDAN ONE,,,,
DEZIRE RESIDENCES,,ready,,Y,0,6,5739000,JUMEIRAH VILLAGE CIRCLE,,,,
LUMINA VISTA RESIDENCES,,ready,,Y,0,5,5706000,JUMEIRAH VILLAGE CIRCLE,,,,
Montrell Hotel Aprtments,,ready,,Y,0,11,5701050,AL FURJAN,,,,
Azizi Riviera 14,,ready,,Y,0,9,5700800,MEYDAN ONE,,,,
"Mohammed Bin Rashid Al Maktoum City , District One Phase III  , Residences 18",,ready,,Y,0,3,5693132,MBR DISTRICT 1,,,,
ERANTIS,,ready,,Y,0,2,5676000,JUMEIRAH VILLAGE CIRCLE,,,,
OXFORD BOULEVARD,,ready,,Y,0,5,5665000,JUMEIRAH VILLAGE CIRCLE,,,,
AXIS RESIDENCES 8,,ready,,Y,0,9,5655000,SILICON OASIS,,,,
RITZ RESIDENCE,,ready,,Y,0,9,5653000,INTERNATIONAL CITY PH 2 & 3,,,,
QPOINT LIWAN-PLOT R055,,ready,,Y,0,7,5631566,LIWAN,,,,
GLITZ RESIDENCE 2,,ready,,Y,0,7,5627637,DUBAI STUDIO CITY,,,,
QPOINT LIWAN - PLOT R002,,ready,,Y,0,9,5620000,LIWAN,,,,
The Pulse Residence Icon,,ready,,Y,0,6,5604405,DUBAI SOUTH,,,,
Park Vista,,ready,,Y,0,7,5601338,JUMEIRAH VILLAGE CIRCLE,,,,
PARK VILLA'S,,ready,,Y,0,3,5600000,JUMEIRAH VILLAGE CIRCLE,,,,
The Pulse Boulevard Apartments,,ready,,Y,0,5,5582000,DUBAI SOUTH,,,,
PLATINUM RESIDENCE 1,,ready,,Y,0,8,5556628,SILICON OASIS,,,,
QPOINT LIWAN-R019,,ready,,Y,0,8,5520370,LIWAN,,,,
DAMAC HILLS - GOLF PANORAMA,,ready,,Y,0,7,5502000,DAMAC HILLS,,,,
DIAMOND VIEWS 1- VILLAS A,,ready,,Y,0,2,5475115,JUMEIRAH VILLAGE CIRCLE,,,,
RUBY RESIDENCE,,ready,,Y,0,7,5443500,SILICON OASIS,,,,
Volna By Kasco,,ready,,Y,0,3,5428800,JADDAF WATERFRONT,,,,
Binghatti Nova,,ready,,Y,0,6,5383593,JUMEIRAH VILLAGE CIRCLE,,,,
THE HABITAT,,ready,,Y,0,2,5370000,JUMEIRAH VILLAGE CIRCLE,,,,
CELIA RESIDENCE,,ready,,Y,0,7,5330000,DUBAI STUDIO CITY,,,,
MAYA Luxury Collection,,ready,,Y,0,1,5300000,LIVING LEGENDS,,,,
SAMANA HILLS,,ready,,Y,0,7,5300000,ARJAN,,,,
DIAMOND VIEWS 3 - VILLAS A,,ready,,Y,0,3,5282000,JUMEIRAH VILLAGE CIRCLE,,,,
AXIS  RESIDENCES 1,,ready,,Y,0,10,5203375,SILICON OASIS,,,,
Azizi  Riviera 34,,ready,,Y,0,7,5192585,MEYDAN ONE,,,,
BLISS HOMES,,ready,,Y,0,5,5176000,DUBAI LAND RESIDENCE COMPLEX,,,,
PLATINUM RESIDENCE,,ready,,Y,0,1,5169033,JUMEIRAH VILLAGE CIRCLE,,,,
Coventry 49,GFS WONDERS DEVELOPERS L.L.C,ready,Y,Y,0,1,5159383,DUBAI SOUTH,,ACTIVE,0,Y
PLAZZO RESIDENCE,,ready,,Y,0,8,5142000,JUMEIRAH VILLAGE TRIANGLE,,,,
DIAMOND VIEWS 1,,ready,,Y,0,10,5103270,JUMEIRAH VILLAGE CIRCLE,,,,
Binghatti Rose,,ready,,Y,0,6,5094000,JUMEIRAH VILLAGE CIRCLE,,,,
SANDOVAL LANE,,ready,,Y,0,2,5090000,JUMEIRAH VILLAGE CIRCLE,,,,
"Mohammed Bin Rashid Al Maktoum City , District One Phase III  , Residences12",,ready,,Y,0,3,5071864,MBR DISTRICT 1,,,,
Mayas Geneva,,ready,,Y,0,3,5069000,JUMEIRAH VILLAGE CIRCLE,,,,
UNIESTATE SPORTS TOWER,,ready,,Y,0,8,5047820,DUBAI SPORTS CITY,,,,
"Mohammed Bin Rashid Al Maktoum City , District One Phase III  , Residences 19",,ready,,Y,0,2,5040000,MBR DISTRICT 1,,,,
Nicholas Residence,,ready,,Y,0,6,4987000,JUMEIRAH VILLAGE CIRCLE,,,,
GREEN PARK,,ready,,Y,0,6,4971463,JUMEIRAH VILLAGE TRIANGLE,,,,
EDMONTON ELM,,ready,,Y,0,6,4969151,JUMEIRAH VILLAGE TRIANGLE,,,,
WESTAR TERRACE  GARDEN,,ready,,Y,0,2,4950000,JUMEIRAH VILLAGE CIRCLE,,,,
QPOINT LIWAN-PLOTR001,,ready,,Y,0,6,4950000,LIWAN,,,,
BURJ VIEW RESIDENCE,,ready,,Y,0,6,4941000,ARJAN,,,,
QPOINT LIWAN - PLOT R003,,ready,,Y,0,9,4918000,LIWAN,,,,
The Valley - Farm Grove 2,,ready,,Y,0,1,4911888,Al Yufrah 1,,,,
Oxford Terraces,,ready,,Y,0,6,4876663,JUMEIRAH VILLAGE CIRCLE,,,,
7 WEST VILLAS,,ready,,Y,0,2,4860000,JUMEIRAH VILLAGE CIRCLE,,,,
SYANN PARK1,,ready,,Y,0,7,4820000,ARJAN,,,,
Azizi Park Avenue,,ready,,Y,0,4,4796980,MEYDAN AVENUE,,,,
BERMUDA VIEWS,,ready,,Y,0,8,4783000,DUBAI SPORTS CITY,,,,
The Eugene Townhouses,,ready,,Y,0,3,4770000,LIVING LEGENDS,,,,
DAMAC HILLS - THE TRUMP ESTATES 2,,ready,,Y,0,1,4760000,DAMAC HILLS,,,,
EATON PLACE,,ready,,Y,0,8,4759641,JUMEIRAH VILLAGE CIRCLE,,,,
AL JAWZAA,,ready,,Y,0,8,4754610,INTERNATIONAL CITY PH 2 & 3,,,,
Samana Green,,ready,,Y,0,7,4749000,ARJAN,,,,
ELYRA RESIDENCES BY ENAAM,ENAAM PROPERTIES DEVELOPMENT L.L.C,ready,Y,Y,0,1,4738327,SILICON OASIS,,PENDING,0,
MAYA townhouses,,ready,,Y,0,4,4735049,LIVING LEGENDS,,,,
Azizi Riviera 35,,ready,,Y,0,7,4730585,MEYDAN ONE,,,,
THE HAVEN RESIDENCES,,ready,,Y,0,5,4730000,JUMEIRAH VILLAGE CIRCLE,,,,
MIRDIF HILLS- JANAYEN AVENUE,,ready,,Y,0,3,4715701,Mirdif,,,,
GRAND CENTRAL,,ready,,Y,0,5,4715470,BARSHA HEIGHTS,,,,
Azizi Riviera 29,,ready,,Y,0,6,4707702,MEYDAN ONE,,,,
Azizi Riviera 4,,ready,,Y,0,6,4693000,MEYDAN ONE,,,,
FRANKFURT SPORTS TOWER I,,ready,,Y,0,9,4692750,DUBAI SPORTS CITY,,,,
Azizi Riviera 55,,ready,,Y,0,3,4674600,Al Merkadh,,,,
PALACE ESTATES,,ready,,Y,0,2,4640000,JUMEIRAH VILLAGE CIRCLE,,,,
DAMAC HILLS (2) - NAVITAS (A & B),,ready,,Y,0,9,4632505,Madinat Hind 4,,,,
Binghatti Point,,ready,,Y,0,7,4617487,SILICON OASIS,,,,
OXFORD TERRACES 2,,ready,,Y,0,5,4603350,JUMEIRAH VILLAGE CIRCLE,,,,
Tabeer 1,,ready,,Y,0,5,4599000,INTERNATIONAL CITY PH 1,,,,
DAMAC HILLS (2) - VIOLET 2,,ready,,Y,0,2,4589318,Madinat Hind 4,,,,
Prime Views,,ready,,Y,0,4,4588678,MEYDAN AVENUE,,,,
DAMAC HILLS (2) - NAVITAS,,ready,,Y,0,9,4575978,Madinat Hind 4,,,,
ELITE SPORTS RESIDENCE,,ready,,Y,0,8,4517635,DUBAI SPORTS CITY,,,,
ALCOVE,,ready,,Y,0,4,4490000,JUMEIRAH VILLAGE CIRCLE,,,,
INDIGO SPECTRUM 2,,ready,,Y,0,5,4479000,INTERNATIONAL CITY PH 1,,,,
THE DIAMOND,,ready,,Y,0,7,4410000,DUBAI SPORTS CITY,,,,
J5,,ready,,Y,0,3,4404000,SUFOUH GARDENS,,,,
SAPPHIRE RESIDENCE,,ready,,Y,0,7,4403000,SILICON OASIS,,,,
ORION BUILDING,,ready,,Y,0,6,4384000,Al Barshaa South Third,,,,
LEGACY BY SUNRISE,,ready,,Y,0,5,4362000,ARJAN,,,,
ELITE 3 SPORTS RESIDENCE,,ready,,Y,0,10,4356646,DUBAI SPORTS CITY,,,,
PLATINUM 1,,ready,,Y,0,15,4348000,ARJAN,,,,
LOTUS PARK,,ready,,Y,0,2,4320000,JUMEIRAH VILLAGE CIRCLE,,,,
SUNSET GARDENS,,ready,,Y,0,2,4320000,JUMEIRAH VILLAGE CIRCLE,,,,
Qline (Qpoint phase II) R010,,ready,,Y,0,6,4289065,LIWAN,,,,
ASTORIA RESIDNECE,,ready,,Y,0,5,4258600,JUMEIRAH VILLAGE CIRCLE,,,,
PLAZZO HEIGHTS,,ready,,Y,0,7,4257660,JUMEIRAH VILLAGE CIRCLE,,,,
MIRABELLA 5,,ready,,Y,0,2,4230000,JUMEIRAH VILLAGE CIRCLE,,,,
SHAMAL WAVES,,ready,,Y,0,8,4230000,JUMEIRAH VILLAGE CIRCLE,,,,
Azizi. Liatris,,ready,,Y,0,3,4225891,AL FURJAN,,,,
SILICON GATES 4,,ready,,Y,0,9,4218251,SILICON OASIS,,,,
QPOINT LIWAN-PLOT R068,,ready,,Y,0,7,4202000,LIWAN,,,,
Grand Glow,,ready,,Y,0,1,4200000,JUMEIRAH VILLAGE CIRCLE,,,,
EMIRATES GARDEN II - MAPLE,,ready,,Y,0,6,4187600,JUMEIRAH VILLAGE CIRCLE,,,,
Kappa Acca 3,,ready,,Y,0,6,4180290,DUBAI SOUTH,,,,
Karma,,ready,,Y,0,4,4170000,LIWAN,,,,
Arabian Ranches III - Spring,,ready,,Y,0,3,4145875,ARABIAN RANCHES III,,,,
WEST WHAREF TOWER,,ready,,Y,0,3,4083427,BUSINESS BAY,,,,
LA VISITA 02,,ready,,Y,0,6,4069000,SILICON OASIS,,,,
Binghatti Jasmine,,ready,,Y,0,5,4068000,JUMEIRAH VILLAGE CIRCLE,,,,
Binghatti Luna,,ready,,Y,0,4,4044632,JUMEIRAH VILLAGE CIRCLE,,,,
The 100,,ready,,Y,0,2,4041000,MEYDAN AVENUE,,,,
DAMAC HILLS - GOLF VEDUTA,,ready,,Y,0,5,4011500,DAMAC HILLS,,,,
Westar Azure,,ready,,Y,0,1,4000000,JUMEIRAH VILLAGE CIRCLE,,,,
TOPAZ RESIDENCES 2,,ready,,Y,0,4,3992125,SILICON OASIS,,,,
SAMANA GOLF AVENUE,,ready,,Y,0,8,3985000,DUBAI STUDIO CITY,,,,
CITY APARTMENTS,,ready,,Y,0,5,3957000,JUMEIRAH VILLAGE CIRCLE,,,,
AL WALEED GARDEN 2,,ready,,Y,0,4,3955000,DUBAI HEALTHCARE CITY - PHASE 2,,,,
Regent Court,,ready,,Y,0,5,3952000,JUMEIRAH VILLAGE CIRCLE,,,,
AVANOS,,ready,,Y,0,4,3924000,JUMEIRAH VILLAGE CIRCLE,,,,
PARK ONE,,ready,,Y,0,4,3894507,JUMEIRAH VILLAGE TRIANGLE,,,,
Azizi Riviera 21,,ready,,Y,0,5,3886500,MEYDAN ONE,,,,
XL TOWER,,ready,,Y,0,3,3875000,BUSINESS BAY,,,,
INDIGO OPTIMA 1,,ready,,Y,0,5,3865174,INTERNATIONAL CITY PH 1,,,,
QPOINT LIWAN-PLOT R004,,ready,,Y,0,7,3860270,LIWAN,,,,
THE ZEN,,ready,,Y,0,1,3800000,DUBAI MARINA,,,,
AZIZI. YASAMINE,,ready,,Y,0,3,3735000,AL FURJAN,,,,
GLITZ RESIDENCE 1,,ready,,Y,0,6,3719000,DUBAI STUDIO CITY,,,,
"DIAMOND VIEW 1,2,3,4",,ready,,Y,0,2,3716000,JUMEIRAH VILLAGE CIRCLE,,,,
ELITE 4 SPORTS RESIDENCE,,ready,,Y,0,8,3715743,DUBAI SPORTS CITY,,,,
Azizi Riviera 24,,ready,,Y,0,5,3712726,MEYDAN ONE,,,,
QPOINT LIWAN-PLOT R098,,ready,,Y,0,5,3692000,LIWAN,,,,
GLOBAL GREEN VIEW II,,ready,,Y,0,4,3640000,INTERNATIONAL CITY PH 1,,,,
Binghatti Galaxy,,ready,,Y,0,3,3630000,JUMEIRAH VILLAGE CIRCLE,,,,
QPOINT LIWAN-PLOT R051,,ready,,Y,0,5,3619000,LIWAN,,,,
Azizi Riviera 2,,ready,,Y,0,2,3600000,MEYDAN ONE,,,,
ELITE 7 SPORTS RESIDENCE,,ready,,Y,0,6,3597000,DUBAI SPORTS CITY,,,,
QPOINT LIWAN-PLOT R005,,ready,,Y,0,9,3587410,LIWAN,,,,
QPOINT LIWAN-PLOT R099,,ready,,Y,0,4,3586989,LIWAN,,,,
OXFORD RESIDENCE 2,,ready,,Y,0,5,3493000,JUMEIRAH VILLAGE CIRCLE,,,,
PARK LANE BY HEILBRONN,,ready,,Y,0,3,3475544,JUMEIRAH VILLAGE CIRCLE,,,,
LE PRESIDIUM,,ready,,Y,0,3,3474797,SILICON OASIS,,,,
PROFILE RESIDENCE,,ready,,Y,0,3,3467000,DUBAI SPORTS CITY,,,,
OCEANA HOTEL AND APARTMENTS,,ready,,Y,0,3,3466441,PALM JUMEIRAH,,,,
WESTERN RESIDENCE - NORTH - 25 VILLAS,,ready,,Y,0,1,3450000,FALCON CITY OF WONDERS,,,,
AL HELAL AL ZAHABY BUILDING,,ready,,Y,0,6,3441359,INTERNATIONAL CITY PH 2 & 3,,,,
ALMA-2,,ready,,Y,0,1,3390000,ARABIAN RANCHES I,,,,
QPOINT LIWAN-PLOT R097,,ready,,Y,0,5,3377000,LIWAN,,,,
CHAIMAA PREMIERE,,ready,,Y,0,7,3356558,JUMEIRAH VILLAGE CIRCLE,,,,
PARK VILLA'S 2,,ready,,Y,0,1,3350000,JUMEIRAH VILLAGE CIRCLE,,,,
Chaimaa Avenue,,ready,,Y,0,5,3347443,JUMEIRAH VILLAGE CIRCLE,,,,
AL HELAL AL ZAHABY 3,,ready,,Y,0,5,3344000,INTERNATIONAL CITY PH 2 & 3,,,,
CAPPADOCIA,,ready,,Y,0,4,3342026,JUMEIRAH VILLAGE CIRCLE,,,,
QPOINT LIWAN-PLOT R072,,ready,,Y,0,5,3339000,LIWAN,,,,
UNIESTATE SUPREME RESIDENCE,,ready,,Y,0,4,3323390,ARJAN,,,,
CRYSTAL RESIDENCE,,ready,,Y,0,5,3298000,JUMEIRAH VILLAGE CIRCLE,,,,
"Mohammed Bin Rashid Al Maktoum City , District One Phase III  , Residences 28",,ready,,Y,0,3,3236542,MBR DISTRICT 1,,,,
ELITE 5 SPORTS RESIDENCE,,ready,,Y,0,6,3235001,DUBAI SPORTS CITY,,,,
PANTHEON ELYSEE,,ready,,Y,0,5,3204000,JUMEIRAH VILLAGE CIRCLE,,,,
QPOINT LIWAN-PLOT R048,,ready,,Y,0,5,3187701,LIWAN,,,,
Rove City Walk,,ready,,Y,0,5,3172402,Al Wasl,,,,
LOLENA,,ready,,Y,0,5,3147000,JUMEIRAH VILLAGE CIRCLE,,,,
Dawn by Binghatti,,ready,,Y,0,3,3140075,JUMEIRAH VILLAGE CIRCLE,,,,
SHAMAL RESIDENCES 2,,ready,,Y,0,4,3115000,JUMEIRAH VILLAGE CIRCLE,,,,
SAFEER TOWER 2,,ready,,Y,0,3,3112319,BUSINESS BAY,,,,
The Estate - II,,ready,,Y,0,2,3110429,AL FURJAN,,,,
Binghatti Lavender,,ready,,Y,0,4,3097000,JUMEIRAH VILLAGE CIRCLE,,,,
MARWA HOMES IV,,ready,,Y,0,1,3072000,JUMEIRAH VILLAGE CIRCLE,,,,
LADY RATAN MANOR,,ready,,Y,0,6,3060000,INTERNATIONAL CITY PH 1,,,,
EATON,,ready,,Y,0,5,3059700,INTERNATIONAL CITY PH 2 & 3,,,,
BELGRAVIA HEIGHTS I,,ready,,Y,0,4,3027773,JUMEIRAH VILLAGE CIRCLE,,,,
HYATI RESIDENCE,,ready,,Y,0,3,3025000,JUMEIRAH VILLAGE CIRCLE,,,,
MASAAR RESIDENCES,,ready,,Y,0,6,3015000,JUMEIRAH VILLAGE CIRCLE,,,,
OASIS HIGH PARK,,ready,,Y,0,4,3001001,SILICON OASIS,,,,
DAMAC HILLS (2) - PARK GREENS 1,,ready,,Y,0,1,3000021,Madinat Hind 4,,,,
SUNSHINE RESIDENCE,,ready,,Y,0,3,3000000,SILICON OASIS,,,,
HILIANA,,ready,,Y,0,3,2989000,SUFOUH GARDENS,,,,
DAMAC ISLANDS - SEYCHELLES 1,,ready,,Y,0,1,2942000,Al Yelayiss 1,,,,
NOORA RESIDENCE 1,,ready,,Y,0,4,2911625,JUMEIRAH VILLAGE CIRCLE,,,,
Alicante villas,,ready,,Y,0,2,2900000,Al Hebiah Fourth,,,,
The Galleries,,ready,,Y,0,2,2886000,MEYDAN AVENUE,,,,
"Mohammed Bin Rashid Al Maktoum City , District One Phase III  , Residences 3",,ready,,Y,0,2,2826000,MBR DISTRICT 1,,,,
QPOINT LIWAN-PLOT R017,,ready,,Y,0,5,2785064,LIWAN,,,,
Al Haseen Residence,,ready,,Y,0,4,2779580,DUBAI INDUSTRIAL CITY,,,,
ZENITH TOWER A1,,ready,,Y,0,3,2767000,DUBAI SPORTS CITY,,,,
AXIS RESIDENCES 2,,ready,,Y,0,5,2719731,SILICON OASIS,,,,
The Stella,,ready,,Y,0,1,2700000,AL FURJAN,,,,
APEX ATRIUM,,ready,,Y,0,2,2700000,MOTOR CITY,,,,
DAMAC HILLS (2) - ACUNA,,ready,,Y,0,1,2680000,Madinat Hind 4,,,,
QPOINT LIWAN-PLOT R094,,ready,,Y,0,4,2675000,LIWAN,,,,
WADI TOWER,,ready,,Y,0,4,2635000,CITY OF ARABIA,,,,
MURANO RESIDENCE 1,,ready,,Y,0,2,2610000,AL FURJAN,,,,
LA RIVIERA AZURE,,ready,,Y,0,3,2589000,JUMEIRAH VILLAGE CIRCLE,,,,
AXIS RESIDENCES 5,,ready,,Y,0,5,2588000,SILICON OASIS,,,,
MULBERRY PARK,,ready,,Y,0,1,2550000,JUMEIRAH VILLAGE CIRCLE,,,,
S.P OASIS,,ready,,Y,0,2,2545000,SILICON OASIS,,,,
QPOINT LIWAN-PLOT R092,,ready,,Y,0,4,2520000,LIWAN,,,,
PARK VILLA'S 3,,ready,,Y,0,3,2480000,JUMEIRAH VILLAGE CIRCLE,,,,
QPOINT LIWAN-PLOT R020,,ready,,Y,0,4,2450000,LIWAN,,,,
PRIME RESIDENCY2,,ready,,Y,0,4,2436100,INTERNATIONAL CITY PH 1,,,,
KORO ONE,,ready,,Y,0,1,2400001,Al Satwa,,,,
TUSCAN RESIDENCE 1,,ready,,Y,0,4,2313000,JUMEIRAH VILLAGE CIRCLE,,,,
SILICON HEIGHTS,,ready,,Y,0,5,2302110,SILICON OASIS,,,,
QPOINT LIWAN-PLOT R016,,ready,,Y,0,3,2300000,LIWAN,,,,
MODELUX TOWER 1,,ready,,Y,0,5,2294000,INTERNATIONAL CITY PH 2 & 3,,,,
LA VISITA 01,,ready,,Y,0,3,2280000,SILICON OASIS,,,,
SEVANAM CROWN,,ready,,Y,0,4,2259943,SILICON OASIS,,,,
QPOINT LIWAN-PLOT R009,,ready,,Y,0,4,2234000,LIWAN,,,,
AXIS RESIDENCES 3,,ready,,Y,0,4,2206000,SILICON OASIS,,,,
The Pulse Boulevard Apartments - C3,,ready,,Y,0,3,2202000,DUBAI SOUTH,,,,
Uniestate Prime Tower,,ready,,Y,0,4,2192400,JUMEIRAH VILLAGE CIRCLE,,,,
QPOINT LIWAN-PLOT R095,,ready,,Y,0,4,2191581,LIWAN,,,,
HOCKEY TOWER,,ready,,Y,0,4,2147703,DUBAI SPORTS CITY,,,,
CHAMPIONS TOWER1,,ready,,Y,0,4,2103000,DUBAI SPORTS CITY,,,,
CRICKET TOWER,,ready,,Y,0,4,2101957,DUBAI SPORTS CITY,,,,
Chaimaa Avenue 2,,ready,,Y,0,2,2054998,JUMEIRAH VILLAGE CIRCLE,,,,
Manam Prime,,ready,,Y,0,2,2051281,DUBAI SOUTH,,,,
LINCOLN PARK (SHEFFIELD),,ready,,Y,0,4,2040000,ARJAN,,,,
DUBAI SPANISH TWIN VILLA,,ready,,Y,0,1,2023158,DUBAI INDUSTRIAL CITY,,,,
HZ RESIDENCES 4,,ready,,Y,0,3,2014000,INTERNATIONAL CITY PH 2 & 3,,,,
IMPERIAL,,ready,,Y,0,5,2007000,SILICON OASIS,,,,
Binghatti Gems,,ready,,Y,0,2,1965000,JUMEIRAH VILLAGE CIRCLE,,,,
QPOINT LIWAN-PLOT R069,,ready,,Y,0,3,1942000,LIWAN,,,,
AL HELAL AL ZAHABY  2,,ready,,Y,0,4,1927906,INTERNATIONAL CITY PH 2 & 3,,,,
MIRABELLA 8,,ready,,Y,0,2,1920000,JUMEIRAH VILLAGE CIRCLE,,,,
MAS TOWER,,ready,,Y,0,2,1917000,SILICON OASIS,,,,
ZENITH TOWER A2,,ready,,Y,0,3,1898064,DUBAI SPORTS CITY,,,,
QPOINT LIWAN-PLOT R015,,ready,,Y,0,3,1875570,LIWAN,,,,
Azizi Riviera 10,,ready,,Y,0,3,1846000,MEYDAN ONE,,,,
Mass Residence,,ready,,Y,0,1,1800000,JUMEIRAH VILLAGE CIRCLE,,,,
MANHATTAN PARK 1,,ready,,Y,0,1,1800000,JUMEIRAH VILLAGE CIRCLE,,,,
QPOINT LIWAN-PLOT R046,,ready,,Y,0,3,1765000,LIWAN,,,,
DIAMOND VIEWS 1- VILLAS  B,,ready,,Y,0,1,1736536,JUMEIRAH VILLAGE CIRCLE,,,,
HUB CANAL 2 TOWER,,ready,,Y,0,2,1728000,DUBAI SPORTS CITY,,,,
THE BELVEDERE,,ready,,Y,0,1,1715165,DUBAI MARINA,,,,
Arista One,,ready,,Y,0,1,1711693,Al Satwa,,,,
SHAMAL TERRACES 4,,ready,,Y,0,1,1700000,JUMEIRAH VILLAGE CIRCLE,,,,
MADISON RESIDENCE,,ready,,Y,0,4,1695571,Wadi Al Safa 3,,,,
Oxford Residence,,ready,,Y,0,4,1693934,JUMEIRAH VILLAGE CIRCLE,,,,
SOBHA SAPPHIRE,,ready,,Y,0,1,1692000,BUSINESS BAY,,,,
VILLA MYRA,,ready,,Y,0,1,1674534,JUMEIRAH VILLAGE CIRCLE,,,,
THE LIGHT,,ready,,Y,0,2,1650000,ARJAN,,,,
Azizi Riviera 13,,ready,,Y,0,2,1631954,MEYDAN ONE,,,,
QPOINT LIWAN-PLOT R096,,ready,,Y,0,2,1608000,LIWAN,,,,
"Mohammed Bin Rashid Al Maktoum City , District One Phase III  , Residences 1",,ready,,Y,0,1,1582526,MBR DISTRICT 1,,,,
Park ville 07,,ready,,Y,0,3,1550000,INTERNATIONAL CITY PH 2 & 3,,,,
Platinum by vision,,ready,,Y,0,1,1520000,LIWAN,,,,
AZIZI. TULIP,,ready,,Y,0,2,1480878,AL FURJAN,,,,
QPOINT LIWAN-PLOT R071,,ready,,Y,0,3,1475000,LIWAN,,,,
GOLF TOWER,,ready,,Y,0,2,1460000,DUBAI SPORTS CITY,,,,
CORDOBA PALACE,,ready,,Y,0,2,1450000,SILICON OASIS,,,,
BRIGHT CORNER,,ready,,Y,0,1,1440000,MEYDAN AVENUE,,,,
QPOINT LIWAN-PLOT R053,,ready,,Y,0,3,1405000,LIWAN,,,,
ARIA,,ready,,Y,0,2,1368000,JUMEIRAH VILLAGE CIRCLE,,,,
CLUB VISTA MARE,,ready,,Y,0,2,1358667,PALM JUMEIRAH,,,,
TRAFALGAR CENTRAL,,ready,,Y,0,3,1327397,INTERNATIONAL CITY PH 1,,,,
Azizi Riviera 22,,ready,,Y,0,2,1320000,MEYDAN ONE,,,,
SOLITAIRE CASCADES,,ready,,Y,0,2,1309422,DUBAI LAND RESIDENCE COMPLEX,,,,
DAMAC ISLANDS - MALDIVES 2,,ready,,Y,0,1,1308420,Al Yelayiss 1,,,,
joya verde residences dubai,,ready,,Y,0,2,1305000,JUMEIRAH VILLAGE CIRCLE,,,,
Verdana Residence 9,REPORTAGE PLUS A REAL ESTATE DEVELOPMENT L.L.C,ready,Y,Y,0,1,1304027,Dubai Investment Park First,,PENDING,0,Y
METRO CENTRAL,,ready,,Y,0,2,1199400,BARSHA HEIGHTS,,,,
Azizi Riviera 6,,ready,,Y,0,1,1197000,MEYDAN ONE,,,,
AJMAL SARAH,,ready,,Y,0,2,1170000,DUBAI LAND RESIDENCE COMPLEX,,,,
K1,,ready,,Y,0,2,1140000,DUBAI LAND RESIDENCE COMPLEX,,,,
WESTAR LA RESIDENCIA DEL SOL,,ready,,Y,0,1,1136755,JUMEIRAH VILLAGE CIRCLE,,,,
THE ATLANTIC,,ready,,Y,0,1,1100000,DUBAI MARINA,,,,
QPOINT LIWAN-PLOT R022,,ready,,Y,0,2,1064000,LIWAN,,,,
SUNRISE BOULEVARD 11,,ready,,Y,0,1,1060000,LIWAN,,,,
AL FALAK RESIDENCE,,ready,,Y,0,2,1050000,SILICON OASIS,,,,
SERENITY LAKES 5,,ready,,Y,0,2,1045000,JUMEIRAH VILLAGE CIRCLE,,,,
NILOOFAR,,ready,,Y,0,2,1040000,JADDAF WATERFRONT,,,,
Azizi Riviera 30,,ready,,Y,0,1,1030000,MEYDAN ONE,,,,
QPOINT LIWAN-PLOT R052,,ready,,Y,0,2,1005000,LIWAN,,,,
VICTORY HEIGHTS - PHASE 2,,ready,,Y,0,1,1000000,DUBAI SPORTS CITY,,,,
WESTAR LES MAISONETTES,,ready,,Y,0,1,910000,JUMEIRAH VILLAGE CIRCLE,,,,
INDIGO VILLE5,,ready,,Y,0,1,839000,JUMEIRAH VILLAGE CIRCLE,,,,
TOPAZ RESIDENCES 1,,ready,,Y,0,1,810000,SILICON OASIS,,,,
Confident Lancaster,,ready,,Y,0,1,800000,LIWAN,,,,
TUSCAN RESIDENCES1 - SIENA,,ready,,Y,0,1,750000,JUMEIRAH VILLAGE CIRCLE,,,,
RASHA 2,,ready,,Y,0,2,720511,Al Qusais Industrial Fourth,,,,
OASIS STAR,,ready,,Y,0,1,710000,SILICON OASIS,,,,
DAR AL JAWHARA,,ready,,Y,0,1,700000,JUMEIRAH VILLAGE CIRCLE,,,,
SUNCITY HOMES,,ready,,Y,0,1,680000,INTERNATIONAL CITY PH 2 & 3,,,,
DIAMOND VIEWS 2,,ready,,Y,0,1,650000,JUMEIRAH VILLAGE CIRCLE,,,,
MIRDIF TULIP,,ready,,Y,0,1,600000,Mirdif,,,,
CORAL INTERNATIONAL HOTEL APARTMENT,,ready,,Y,0,2,600000,DUBAI SPORTS CITY,,,,
Living Garden II,,ready,,Y,0,1,595000,JUMEIRAH VILLAGE CIRCLE,,,,
QPOINT LIWAN-PLOT R047,,ready,,Y,0,1,515000,LIWAN,,,,
Shorooq Land 2,,ready,,Y,0,1,497696,DUBAI LAND RESIDENCE COMPLEX,,,,
SILICON AVENUE,,ready,,Y,0,1,490000,SILICON OASIS,,,,
DRAGON VIEW,,ready,,Y,0,1,490000,INTERNATIONAL CITY PH 1,,,,
PRIME RESIDENCY1,,ready,,Y,0,1,490000,INTERNATIONAL CITY PH 1,,,,
RUFI GARDENS,,ready,,Y,0,1,450000,INTERNATIONAL CITY PH 1,,,,
SILICON GATE2,,ready,,Y,0,1,420209,SILICON OASIS,,,,
Easy18,,ready,,Y,0,1,415000,INTERNATIONAL CITY PH 2 & 3,,,,
LIME LIGHT TWIN TOWERS,,ready,,Y,0,1,390000,DUBAI SPORTS CITY,,,,
DIAMOND VIEWS 4,,ready,,Y,0,1,157363,JUMEIRAH VILLAGE CIRCLE,,,,
Vista Hub by DSI Prestige One,DRAKE AND SCULL REAL ESTATE DEVELOPMENT L.L.C,off-plan,Y,,0,0,0,Wadi Al Safa 3,,PENDING,0,
Villea East,PALMRIDGE REAL ESTATE DEVELOPMENT L.L.C,off-plan,Y,,0,0,0,Al Satwa,,PENDING,0,
The Valley - Alva 3,EMAAR DEVELOPMENT P.J.S.C.,off-plan,Y,,0,0,0,Al Yufrah 1,,ACTIVE,0,Y
The Hudson,CRYSTAL PRIME REAL ESTATE DEVELOPMENT L.L.C,off-plan,Y,,0,0,0,Al Barsha South Fourth,,PENDING,0,Y
Vivo Residences South By Main Realty,MAIN REALTY REAL ESTATE L.L.C,off-plan,Y,,0,0,0,Saih Shuaib 2,,PENDING,,
Lincoln Star Residence III,LINCOLN PARK REAL ESTATE DEVELOPMENT L.L.C,off-plan,Y,,0,0,0,Madinat Al Mataar,,PENDING,0,Y
LEGACY HEIGHTS,LEGACY HOMES REAL ESTATE DEVELOPMENT DWC-LLC,off-plan,Y,,0,0,0,Madinat Al Mataar,,ACTIVE,0,Y
Golf Fields,EMAAR DUBAI SOUTH DWC LLC,off-plan,Y,,0,0,0,Madinat Al Mataar,,ACTIVE,0,Y
FOREST CITY TOWER 3,AL HELAL AL ZAHABY REAL ESTATE DEVELOPMENT L.L.C,off-plan,Y,,0,0,0,Madinat Al Mataar,,PENDING,,
THE ATELIER,E L P G REAL ESTATE DEVELOPMENT L.L.C,off-plan,Y,,0,0,0,Business Bay,,PENDING,,
Binghatti Square 1,Binghatti Developers FZE,off-plan,Y,,0,0,0,Wadi Al Safa 3,,PENDING,0,
Palace by the Beach,EMAAR DEVELOPMENT P.J.S.C.,off-plan,Y,,0,0,0,Marsa Dubai,,ACTIVE,0,Y
Globna by Crystal Bay Azure,CRYSTAL BAY AZURE DEVELOPMENT L.L.C,off-plan,Y,,0,0,0,Madinat Al Mataar,,PENDING,0,
Azizi Rose,AZIZI DEVELOPMENTS L.L.C,off-plan,Y,,0,0,0,Jabal Ali Industrial Second,,PENDING,0,
The Valley - Alva 2,EMAAR DEVELOPMENT P.J.S.C.,off-plan,Y,,0,0,0,Al Yufrah 1,,ACTIVE,0,Y
STORIES BY MIRFA,MIRFA HARMONY REAL ESTATE DEVELOPMENT L.L.C,off-plan,Y,,0,0,0,Madinat Al Mataar,,ACTIVE,0,Y
Bond Living,PEARLSHIRE DIRC REAL ESTATE DEVELOPMENT L.L.C,off-plan,Y,,0,0,0,Wadi Al Safa 5,,ACTIVE,0,Y
Al Ghaf Janoub,JERSEY REAL ESTATE DEVELOPMENT L.L.C,off-plan,Y,,0,0,0,Madinat Al Mataar,,PENDING,0,
CHAVELLE BY IMTIAZ,IMTIAZ GHD REAL ESTATE DEVELOPMENT L.L.C,off-plan,Y,,0,0,0,Bukadra,,ACTIVE,0,Y
Isla Residences by Chaimaa Holding,DEVAL REAL ESTATE DEVELOPMENT L.L.C,off-plan,Y,,0,0,0,Palm Deira,,PENDING,0,
The Lyceum,RETHINK VIRERA REAL ESTATE DEVELOPMENT L.L.C,off-plan,Y,,0,0,0,Al Barsha South Fifth,,PENDING,0,
Tresora by Wadan,WADAN REAL ESTATE DEVELOPMENT L.L.C,off-plan,Y,,0,0,0,Al Barsha South Fourth,,ACTIVE,0,Y
Binghatti Square 3,Binghatti Developers FZE,off-plan,Y,,0,0,0,Wadi Al Safa 3,,PENDING,0,
Tura Residence,NAMAT REAL ESTATE DEVELOPMENT L.L.C,off-plan,Y,,0,0,0,Nad Al Shiba First,,ACTIVE,0,Y
Enclave Greens by Shriya,SHRIYA PROPERTIES DEVELOPMENT L.L.C S.O.C,off-plan,Y,,0,0,0,Wadi Al Safa 3,,PENDING,0,
Calla Isle,N Y X REAL ESTATE DEVELOPMENT L.L.C,off-plan,Y,,0,0,0,Palm Deira,,PENDING,,
Samana Business Hub,SAMANA PREMIUM REAL ESTATE DEVELOPMENT L.L.C,off-plan,Y,,0,0,0,Jabal Ali Industrial Second,,ACTIVE,0,Y
Bureau Lamar,LAMAR DEVELOPMENT L.L.C,off-plan,Y,,0,0,0,Business Bay,,PENDING,,
Azizi Noura,AZIZI DEVELOPMENTS L.L.C,off-plan,Y,,0,0,0,Jabal Ali Industrial Second,,PENDING,0,
ZURA RESIDENCES,ALYAKKA DEVELOPERS L.L.C,off-plan,Y,,0,0,0,Madinat Al Mataar,,ACTIVE,0,Y
Listone Residence,LION STONE PROPERTIES L.L.C,off-plan,Y,,0,0,0,Al Warsan First,,PENDING,0,Y
OXFORD COVE,IMAN DEVELOPERS L.L.C,off-plan,Y,,0,0,0,Al Barsha South Fourth,,ACTIVE,0,Y
Sky Level 1,OBJECT ONE REAL ESTATE DEVELOPMENT L.L.C,off-plan,Y,,0,0,0,Al Barsha South Fourth,,PENDING,0,
A Y A by Palace Group,P G S P V TEN REAL ESTATE DEVELOPMENT L.L.C,off-plan,Y,,0,0,0,Al Satwa,,PENDING,0,
Nionis Residences - Interiors by Karl Lagerfeld Maison,VAAM REAL ESTATE L.L.C,off-plan,Y,,0,0,0,Palm Deira,,PENDING,,
John Richmond Residences,M I R A DEVELOPMENTS L.L.C,off-plan,Y,,0,0,0,Jabal Ali First,,PENDING,0,
Palm Central Private Residences - Frond N,THE PALM - JEBEL ALI CO. (L.L.C),off-plan,Y,,0,0,0,Palm Jabal Ali,,PENDING,0,
Havencia,ALA REAL ESTATE DEVELOPMENTS L.L.C,off-plan,Y,,0,0,0,Wadi Al Safa 5,,PENDING,0,
X11,BAMX ELEVEN REAL ESTATE DEVELOPMENT L.L.C,off-plan,Y,,0,0,0,Madinat Al Mataar,,PENDING,0,
Tulip Oasis 11 Tower 2,A M E REAL ESTATE DEVELOPMENT L.L.C,off-plan,Y,,0,0,0,Wadi Al Safa 3,,PENDING,0,
ZEN LAGOONS,ZENNOVA REALTY REAL ESTATE DEVELOPMENT L.L.C,off-plan,Y,,0,0,0,Bukadra,,PENDING,0,Y
Wedyan,WEDYAN AL GHURAIR REAL ESTATE DEVELOPMENT L.L.C,off-plan,Y,,0,0,0,Business Bay,,ACTIVE,0,Y
EIRA,NEOTERRA DPC DEVELOPMENTS L.L.C,off-plan,Y,,0,0,0,Me'Aisem First,,PENDING,0,
Jasmine Residence,DAR COMFORT REAL ESTATE L.L.C,off-plan,Y,,0,0,0,Al Barsha South Fifth,,PENDING,0,
"WESTIN RESIDENCES, DUBAI CREEK GARDENS",G P REAL ESTATE DEVELOPMENT L.L.C,off-plan,Y,,0,0,0,Al Jadaf,,PENDING,0,
Axilla,HOMEDGE REAL ESTATE DEVELOPMENT L.L.C,off-plan,Y,,0,0,0,Al Satwa,,PENDING,0,
Coventry Curve,G F S REAL ESTATE L.L.C,off-plan,Y,,0,0,0,Saih Shuaib 2,,ACTIVE,0,Y
AVIOR,ACUBE NOVA REAL ESTATE DEVELOPMENT L.L.C,off-plan,Y,,0,0,0,Al Wasl,,PENDING,3,
Fior 2,MINA RASHID PROPERTIES L.L.C,off-plan,Y,,0,0,0,Madinat Dubai Almelaheyah,,ACTIVE,0,Y
Samana Island,SAMANA LUX REAL ESTATE DEVELOPMENTS L.L.C,off-plan,Y,,0,0,0,World Islands,,PENDING,,
Elevia Residences II,VALORES WBAY PROPERTY DEVELOPMENT L.L.C,off-plan,Y,,0,0,0,Warsan Fourth,,PENDING,0,
Darah Residence,DARAH SOUTH REAL ESTATE DEVELOPMENT L.L.C,off-plan,Y,,0,0,0,Madinat Al Mataar,,PENDING,,
Azizi Gabriel,AZIZI DEVELOPMENTS L.L.C,off-plan,Y,,0,0,0,Jabal Ali Industrial Second,,PENDING,0,
The Key,HOMEDGE REAL ESTATE DEVELOPMENT L.L.C,off-plan,Y,,0,0,0,Al Satwa,,PENDING,0,
Coventry 2,G F S REAL ESTATE DEVELOPMENT L.L.C,off-plan,Y,,0,0,0,Warsan Fourth,,ACTIVE,0,Y
VIVIDA Residences,N A M O REAL ESTATE DEVELOPMENT L.L.C,off-plan,Y,,0,0,0,Madinat Al Mataar,,ACTIVE,,Y
DELLA X,DELLA LUXURY DEVELOPER L.L.C,off-plan,Y,,0,0,0,Palm Jumeirah,,PENDING,0,
At 85 Residences,SCOPE PROPERTIES DUBAI BRANCH,off-plan,Y,,0,0,0,Jabal Ali First,,ACTIVE,0,Y
AD Residences,FOUR SEASONS REAL ESTATE DEVELOPMENT L.L.C,off-plan,Y,,0,0,0,Al Satwa,,PENDING,,
One Mansory,DIVINE AT 311 DEVELOPERS L.L.C,off-plan,Y,,0,0,0,Al Hebiah First,,PENDING,0,
Nanma Lotus,NANMA PROPERTIES L.L.C,off-plan,Y,,0,0,0,Madinat Al Mataar,,ACTIVE,0,Y
Confident Preston,CASA PRESTON REAL ESTATE L.L.C,off-plan,Y,,0,0,0,Wadi Al Safa 2,,PENDING,0,
Arja Vista Residences,JANUSS REAL ESTATE DEVELOPERS L.L.C,off-plan,Y,,0,0,0,Madinat Al Mataar,,PENDING,0,
JVT Tower,BEST CITY REAL ESTATE DEVELOPMENT L.L.C,off-plan,Y,,0,0,0,Al Barsha South Fifth,,PENDING,,
DISTRICT 53,MODON COMPANY FOR REAL ESTATE DEVELOPMENT L.L.C,off-plan,Y,,0,0,0,Madinat Al Mataar,,PENDING,,
Avion 100,SKY VIEW DEVELOPMENT L.L.C,off-plan,Y,,0,0,0,Madinat Al Mataar,,PENDING,0,
CLOVER,R3R LUXE REAL ESTATE DEVELOPMENT L.L.C,off-plan,Y,,0,0,0,Wadi Al Safa 5,Wadi Hills by HRE,PENDING,0,Y
Soel,LIVING QUALITY PROPERTIES L.L.C,off-plan,Y,,0,0,0,Al Barshaa South Third,,PENDING,0,Y
Soma Residences,ORIGAMI DEVELOPMENT L.L.C,off-plan,Y,,0,0,0,Palm Deira,,PENDING,0,
SHAPE,REDIX ONE REAL ESTATE L.L.C,off-plan,Y,,0,0,0,Al Barsha South Fourth,,PENDING,0,
Nami Island Project,NAMI ISLAND DEVELOPMENT L.L.C,off-plan,Y,,0,0,0,World Islands,,PENDING,,
Al Aiham Homes,DAR AL AIHAM PROPERTIES L.L.C,off-plan,Y,,0,0,0,Warsan Fourth,,PENDING,0,
Reef 995,REEF LUXURY DEVELOPMENT L.L.C,off-plan,Y,,0,0,0,Wadi Al Safa 5,,PENDING,0,Y
Nejm 1,DANF DEVELOPMENTS L.L.C,off-plan,Y,,0,0,0,Wadi Al Safa 3,,ACTIVE,0,Y
Tavora Grand by JHK,JHK HEIGHTS REAL ESTATE DEVELOPMENT L.L.C,off-plan,Y,,0,0,0,Warsan Fourth,,PENDING,0,
MIA TOWER,STAMN REAL ESTATE DEVELOPMENT L.L.C,off-plan,Y,,0,0,0,Bukadra,,PENDING,0,
1WOOD RESIDENCE 2,OBJECT ONE REAL ESTATE DEVELOPMENT L.L.C,off-plan,Y,,0,0,0,Al Barsha South Fourth,,PENDING,0,
PARKGREEN RESIDENCES BY ALISHAAN,ALISHAAN DEVELOPMENTS L.L.C,off-plan,Y,,0,0,0,Wadi Al Safa 2,,ACTIVE,0,Y
Seacliff by Imtiaz,IMTIAZ LUXURY REAL ESTATE DEVELOPMENT L.L.C,off-plan,Y,,0,0,0,Palm Deira,,ACTIVE,1.11,Y
One Central Dubai,One Central Development FZE,off-plan,Y,,0,0,0,Trade Center Second,,PENDING,,
Valoria The Oasis,EMAAR DEVELOPMENT P.J.S.C.,off-plan,Y,,0,0,0,Me'Aisem Second,,ACTIVE,0,Y
Casa Altia,CASA MAGNUM REAL ESTATE DEVELOPMENT L.L.C,off-plan,Y,,0,0,0,Jabal Ali First,,ACTIVE,0,Y
The Valley - Alva,EMAAR DEVELOPMENT P.J.S.C.,off-plan,Y,,0,0,0,Al Yufrah 1,,ACTIVE,0,Y
Route 66,DEERFIELDS REAL ESTATE DEVELOPMENT L.L.C S.O.C,off-plan,Y,,0,0,0,Saih Shuaib 1,,ACTIVE,0,Y
ELARIS AXIS,OBJECT ONE REAL ESTATE DEVELOPMENT L.L.C,off-plan,Y,,0,0,0,Al Barsha South Fifth,,PENDING,0,
"AYAMI RESIDENCE, BY AYAT DEVELOPMENT",AYAT REAL ESTATE DEVELOPMENT L.L.C,off-plan,Y,,0,0,0,Al Warsan First,,ACTIVE,0,Y
Bild Alve,I G P REAL ESTATE DEVELOPMENT L.L.C,off-plan,Y,,0,0,0,Al Safouh First,,PENDING,0,
Binghatti Square 2,Binghatti Developers FZE,off-plan,Y,,0,0,0,Wadi Al Safa 3,,PENDING,0,Y
AMALI RESIDENCES,AMALI CANAL L.L.C,off-plan,Y,,0,0,0,Al Wasl,,PENDING,0,
SKYON,CALGARY AVENUE SOUTH REAL ESTATE DEVELOPMENT L.L.C,off-plan,Y,,0,0,0,Madinat Al Mataar,,PENDING,0,
Babylon Tower,HERITAGE REAL ESTATE DEVELOPMENT L.L.C,off-plan,Y,,0,0,0,Al Thanyah First,,PENDING,,
The Gyld,HOMEDGE REAL ESTATE DEVELOPMENT L.L.C,off-plan,Y,,0,0,0,Al Satwa,,PENDING,,
MARAVELLE FAMILY COMPLEX,K M Y REAL ESTATE L.L.C,off-plan,Y,,0,0,0,Madinat Al Mataar,,PENDING,0,
Zazen Acacia Residences,ZAZEN PROPERTY DEVELOPMENT L.L.C,off-plan,Y,,0,0,0,Madinat Al Mataar,,ACTIVE,0,Y
Nad Al Sheba Gardens Phase 12,NAS ESTATES L.L.C,off-plan,Y,,0,0,0,Nad Al Shiba First,,ACTIVE,0,Y
Jadaf Beach Oasis,AZIZI DEVELOPMENTS L.L.C,off-plan,Y,,0,0,0,Al Jadaf,,PENDING,0,
